Date,Actual_Return,Predicted_Return,Actual_Cumulative,Predicted_Cumulative,Model
2023-05-22,0.0070700824947353,-0.007030534967865074,0.007070082494735397,-0.007030534967865099,Final_Model
2023-05-23,0.0035102236764006,-0.007246703581032063,0.010605123742103206,-0.014226290345969006,Final_Model
2023-05-24,-0.0129629581609538,-0.004507520338102311,-0.0024953081942112876,-0.018669685391001112,Final_Model
2023-05-25,-0.0016677215810362,-0.0060161666060004546,-0.004158868295920715,-0.024573532059207648,Final_Model
2023-05-26,0.0108582668043191,-0.006650386109046096,0.006654240406837264,-0.03106049469199701,Final_Model
2023-05-29,-0.0016526270407829,-0.00699808399835471,0.004990616388422131,-0.037841214739466666,Final_Model
2023-05-30,0.0146906765070904,-0.007124844918703913,0.01975460842644594,-0.04469644687161656,Final_Model
2023-05-31,0.0004078491052328,-0.007926739450564577,0.02017051443104978,-0.052268889233463844,Final_Model
2023-06-01,-0.0205870745558358,-0.008281045316258746,-0.0008318120092075665,-0.060117093509349795,Final_Model
2023-06-02,0.0047867409297694,-0.006933544690778025,0.003950947251971648,-0.06663381364560106,Final_Model
2023-06-05,0.0080779001903332,-0.00803383744602066,0.012060762799863678,-0.07413232586438456,Final_Model
2023-06-06,0.0014381658471989,-0.008464281941026969,0.013516274024212516,-0.08196913089835134,Final_Model
2023-06-07,-0.00882225569816,-0.007874756556872711,0.004574774300524442,-0.08919840050422112,Final_Model
2023-06-08,-0.0018629585308485,-0.007679558965200315,0.00270329315486606,-0.09619295509314774,Final_Model
2023-06-09,-0.0082953119318781,-0.0077169413982652,-0.005614443436974925,-0.10316758109403312,Final_Model
2023-06-12,0.0002090949959767,-0.007247099045241765,-0.00540652239302597,-0.1096670144608285,Final_Model
2023-06-13,0.0008363336659003,-0.007347216893557114,-0.004574710383818403,-0.11620848401307304,Final_Model
2023-06-14,0.0173385551839697,-0.007927295633140225,0.012684525931710766,-0.12321456063836256,Final_Model
2023-06-15,0.0057494987318711,-0.008184994031191543,0.018506954329340575,-0.1303910442261732,Final_Model
2023-06-16,-0.0002040802238606,-0.007951830510258377,0.018299097202097325,-0.13730602725268948,Final_Model
2023-06-19,0.000612553947618,-0.008166940675317234,0.018922860333944413,-0.14435159774907047,Final_Model
2023-06-20,0.0004081820330024,-0.00802946238536413,0.019338766338548252,-0.15122199441004125,Final_Model
2023-06-21,-0.0250917925116773,-0.007973944231428567,-0.006238270485527719,-0.15799010289147875,Final_Model
2023-06-22,-0.0085793054974728,-0.00768625873436142,-0.014764055954729294,-0.1644620088175479,Final_Model
2023-06-23,0.0128746722296131,-0.007368354335107949,-0.0020794661063129327,-0.17061854879702454,Final_Model
2023-06-26,0.0154198842131612,-0.0075050787223747,0.013308352980263782,-0.17684312187918028,Final_Model
2023-06-27,0.0055407688460951,-0.007897431983202054,0.018922860333944858,-0.1833439473356444,Final_Model
2023-06-28,0.0836735529846561,-0.008493043115045285,0.10417975627537457,-0.19027984240108542,Final_Model
2023-06-30,-0.007533070931594,-0.007294677923328476,0.09586189185012195,-0.1961864901587963,Final_Model
2023-07-03,-0.0036053331914857,-0.009458542367364854,0.0919109445981503,-0.20378939429708964,Final_Model
2023-07-04,-0.0186631515074743,-0.009356810528971245,0.07153244520644564,-0.21123938607580917,Final_Model
2023-07-05,0.0071803457696624,-0.00959961120509989,0.07922641866643976,-0.2188111813033773,Final_Model
2023-07-06,-0.0156976463213732,-0.009752737443663142,0.06228510404553189,-0.2264299107460508,Final_Model
2023-07-07,0.0029533385860931,-0.009954064862113986,0.06542239163274144,-0.23413007758987592,Final_Model
2023-07-10,-0.0019631147046788,-0.009999566112820268,0.0633308452690331,-0.24178844451283643,Final_Model
2023-07-11,0.0194728410268789,-0.010478143893073773,0.08403691777793387,-0.24973309429262225,Final_Model
2023-07-12,-0.0077175024985038,-0.010360670197764942,0.07567086015651237,-0.257506362262954,Final_Model
2023-07-13,0.0196384154740019,-0.010915047441071697,0.09679533142154306,-0.26561071554354776,Final_Model
2023-07-14,0.0091532748709772,-0.010585942295433866,0.10683460056724914,-0.2733849181311887,Final_Model
2023-07-17,0.0056689365973954,-0.01009184952437734,0.11310917574166846,-0.28071780819955183,Final_Model
2023-07-18,0.0026304915602621,-0.010318671080730795,0.11603720003410722,-0.28813984455096775,Final_Model
2023-07-19,-0.0020614168670105,-0.010433110802763892,0.11373658212574589,-0.2955667604288402,Final_Model
2023-07-20,-0.0086384863148021,-0.009742273327081916,0.1041155839027581,-0.30242954158942426,Final_Model
2023-07-21,-0.0547451796566087,-0.009645490400969903,0.043670577900340124,-0.3091579507500237,Final_Model
2023-07-24,-0.015230512051122,-0.008039262379395621,0.027774940586227537,-0.3147118112466637,Final_Model
2023-07-25,0.0152625222863485,-0.008830490839456723,0.043461378522275274,-0.320763242319838,Final_Model
2023-07-26,0.0266586937808488,-0.009472483085981157,0.07127869588444291,-0.32719730101834,Final_Model
2023-07-27,0.002538044262647,-0.009830127585724522,0.07399764863222846,-0.3338110373893496,Final_Model
2023-07-28,0.001363202298245,-0.010032031795750372,0.07546172469515366,-0.3404942662442376,Final_Model
2023-07-31,-0.0050564044144094,-0.010230641151324365,0.07002375528287685,-0.3472414327435337,Final_Model
2023-08-01,-0.0111415096993836,-0.009862687932045266,0.058102075234821804,-0.3536793867873532,Final_Model
2023-08-02,0.0063253916332768,-0.009845623890866517,0.0647949852486649,-0.3600428164579591,Final_Model
2023-08-03,-0.0039285428513168,-0.009410254190269824,0.06061189252124821,-0.3660649762259789,Final_Model
2023-08-04,0.0309603241768827,-0.009553397136221137,0.09344878053956318,-0.37212120926665193,Final_Model
2023-08-07,0.044950250189947,-0.00925234663766641,0.14259957679470903,-0.37793056148495563,Final_Model
2023-08-08,-0.0113490513517722,-0.008626897968384704,0.12963215552315277,-0.3832970910602752,Final_Model
2023-08-09,-0.0320311127889523,-0.009282689025727878,0.0934487805395634,-0.3890217523852245,Final_Model
2023-08-10,-0.0198927926052125,-0.009429867719412083,0.07169703072386735,-0.3947831964396701,Final_Model
2023-08-11,-0.0062451512152855,-0.0075027288911962906,0.06500412071002426,-0.3993239740371797,Final_Model
2023-08-14,0.010015679037352,-0.010094565774413037,0.07567086015651325,-0.4053875376903744,Final_Model
2023-08-16,-0.0050553619113377,-0.011063783560097733,0.07023295466094215,-0.4119662012755049,Final_Model
2023-08-17,0.0091850411086071,-0.011165058111082524,0.08006308834528908,-0.4185316328095444,Final_Model
2023-08-18,0.0048412892950859,-0.010947581067929334,0.08529198621291267,-0.4248973048977984,Final_Model
2023-08-21,0.0021198147020227,-0.01221528283082235,0.08759260412127423,-0.43192234697524,Final_Model
2023-08-22,0.0013461622094315,-0.012157813218871896,0.08905668018419943,-0.4388289289745302,Final_Model
2023-08-23,0.0005761007626996,-0.011927955041654004,0.08968408656827664,-0.44552255228039883,Final_Model
2023-08-24,-0.019577790470975,-0.011135188447619286,0.06835047984188725,-0.4516967631507116,Final_Model
2023-08-25,0.017619429090389,-0.010595479937963385,0.08717420536514453,-0.4575062990966686,Final_Model
2023-08-28,-0.0028857266588254,-0.009645471698414187,0.08403691777793498,-0.4627389067352997,Final_Model
2023-08-29,0.0032800417449139,-0.008513965561106746,0.08759260412127445,-0.4673131291806779,Final_Model
2023-08-30,-0.0025000323229379,-0.008598249504687561,0.08487358745678297,-0.47189330380385375,Final_Model
2023-08-31,0.0055908005778508,-0.008979397474186534,0.09093889933643151,-0.47663538373777836,Final_Model
2023-09-01,0.0021089593039285,-0.009648115598877446,0.0932396450782047,-0.4816848660558384,Final_Model
2023-09-04,0.0220012359588006,-0.010003546089111335,0.1172922684690858,-0.4868698553869327,Final_Model
2023-09-05,0.0086108806630862,-0.00991004888448866,0.12691313885866196,-0.49195500020415295,Final_Model
2023-09-06,-0.0066814270620709,-0.010558702707772954,0.11938375091608844,-0.4973192963191678,Final_Model
2023-09-07,-0.0044843981361677,-0.010415613317316465,0.11436398850982377,-0.5025550241507839,Final_Model
2023-09-08,0.037537594722411,-0.010462414624335958,0.15619453228375502,-0.5077594997409112,Final_Model
2023-09-11,-0.0329232848853247,-0.010639881451893644,0.11812881031452216,-0.5129968803094886,Final_Model
2023-09-12,0.0132810244701897,-0.009979756277722265,0.13297870640513354,-0.5178570527504904,Final_Model
2023-09-13,0.0151375430994553,-0.01090544350525096,0.15012922040410648,-0.5231150354231751,Final_Model
2023-09-14,0.0065465582553656,-0.011460302460730147,0.15765860834668022,-0.5285802813562002,Final_Model
2023-09-15,-0.0128274157425457,-0.010800163644533081,0.14280884008948047,-0.5336716914628129,Final_Model
2023-09-18,0.0,-0.011342332255502331,0.14280884008948047,-0.5389609420783881,Final_Model
2023-09-20,-0.0226940582420536,-0.010949979189341007,0.1168738697129561,-0.5440093101681032,Final_Model
2023-09-21,-0.0099250905464929,-0.01005446859997293,0.10578879542704311,-0.5485940542408979,Final_Model
2023-09-22,-0.0009456392677514,-0.009893018841553459,0.10474311812024784,-0.553059821767482,Final_Model
2023-09-25,-0.009276846601149,-0.010454719339307812,0.0944945856797712,-0.5577324558923632,Final_Model
2023-09-26,0.0114657034516476,-0.009849333846749124,0.1070437360286094,-0.5620884965838612,Final_Model
2023-09-27,0.0085017984884614,-0.009843676313169698,0.11645559879023804,-0.5663991556773031,Final_Model
2023-09-28,0.0198576178003397,-0.009390831610249305,0.138625747362064,-0.5704710281923995,Final_Model
2023-09-29,0.0018369602876624,-0.010359466205286383,0.14071735764247806,-0.5749207190600318,Final_Model
2023-10-03,-0.0287862297483444,-0.009562909225082919,0.10788040570745738,-0.5789857136371243,Final_Model
2023-10-04,-0.0047197313362399,-0.009259540684593153,0.10265150783983379,-0.5828841125504962,Final_Model
2023-10-05,0.0036038851843869,-0.009240005308345213,0.10662533727247969,-0.5867382655647247,Final_Model
2023-10-06,-0.0154979156792418,-0.00904721089458536,0.08947495110691839,-0.5904771316308228,Final_Model
2023-10-09,-0.0097907743104669,-0.008523285679922218,0.07880814774372347,-0.5939676120303945,Final_Model
2023-10-10,-0.0019386973034795,-0.008534720717837636,0.07671666529672105,-0.5974329850641118,Final_Model
2023-10-11,0.0104894909787243,-0.008933919789880423,0.08801087504399319,-0.6010294864856006,Final_Model
2023-10-12,-0.0213379207210484,-0.009402111511573646,0.064794985248666,-0.6047806517434928,Final_Model
2023-10-13,-0.0013750440224782,-0.008882477527892917,0.0633308452690351,-0.6082911787229697,Final_Model
2023-10-16,0.0027537545241713,-0.008971072344722542,0.06625899739488572,-0.611805226896712,Final_Model
2023-10-17,-0.0637504789591276,-0.00903584591722812,-0.0017155243835174083,-0.6153128950523465,Final_Model
2023-10-18,-0.0136183180457152,-0.006579373564738318,-0.015310479872562732,-0.617843895221335,Final_Model
2023-10-19,-0.0189039547641203,-0.00772274909820516,-0.033925006017755166,-0.6207951909348879,Final_Model
2023-10-20,-0.0203507299204153,-0.007287441246553731,-0.05358533730315462,-0.6235586237013606,Final_Model
2023-10-23,-0.0081768082663604,-0.007080925609142936,-0.06132398854049881,-0.6262241770831347,Final_Model
2023-10-25,-0.0102494728626577,-0.007070030657333037,-0.07094492284678067,-0.6288667836101267,Final_Model
2023-10-26,0.0027014042885498,-0.007156445368152839,-0.06843516947705997,-0.6315227781975277,Final_Model
2023-10-27,-0.0035922599683052,-0.007600910667758556,-0.07178159252562843,-0.6343235406435521,Final_Model
2023-10-30,-0.0101397070838509,-0.007896825510322104,-0.08119345528725719,-0.6372112238363224,Final_Model
2023-10-31,-0.0043250599075718,-0.007924426598895796,-0.08516734863660891,-0.6400861168639347,Final_Model
2023-11-01,0.0139460324149816,-0.007983392007410495,-0.07240906282641146,-0.6429594504819193,Final_Model
2023-11-02,0.0124013815404324,-0.007501345776572223,-0.06090565370107448,-0.6456377351001117,Final_Model
2023-11-03,0.0015590297915171,-0.007561770177308032,-0.05944157763814917,-0.6483173411067951,Final_Model
2023-11-06,0.0022237282809676,-0.007854832519714163,-0.05735003127444083,-0.6510797494924889,Final_Model
2023-11-07,0.0066563150507523,-0.007933036370993612,-0.05107545610002162,-0.6538477465303413,Final_Model
2023-11-08,0.0008816357080445,-0.008621045134776576,-0.05023885033787945,-0.6568319407310078,Final_Model
2023-11-09,0.0015414529713499,-0.008903314723709678,-0.04877483819165995,-0.6598872739658044,Final_Model
2023-11-10,-0.0002198590509964,-0.009262662123972795,-0.0489839736530191,-0.6630376232311224,Final_Model
2023-11-13,0.0076974310756308,-0.00892925167208775,-0.04166359333839287,-0.6660464450973165,Final_Model
2023-11-15,0.0122216797656586,-0.010626104038270343,-0.02995111266840267,-0.6695950703156627,Final_Model
2023-11-16,0.0036654053966438,-0.011385620857097399,-0.026395490241769126,-0.6733569355743645,Final_Model
2023-11-17,0.0096670287239792,-0.011902602039548918,-0.016983627480140484,-0.6772448379792015,Final_Model
2023-11-20,-0.0055319215063909,-0.011609132310072455,-0.022421596892417517,-0.6809917453588599,Final_Model
2023-11-21,0.0098416640470002,-0.01268817170478214,-0.01280059866942973,-0.6850393768689895,Final_Model
2023-11-22,-0.0057203932485477,-0.012890286910373208,-0.01844776745977139,-0.6890993096666183,Final_Model
2023-11-23,0.0029832503513116,-0.012625890706384396,-0.01551955141721506,-0.6930247078033069,Final_Model
2023-11-24,-0.0095602332937922,-0.012429609059683155,-0.024931414178843703,-0.6968402906762938,Final_Model
2023-11-28,0.0156584914319291,-0.011927417572765484,-0.00966331108221985,-0.7004562031206358,Final_Model
2023-11-29,0.0065469761025045,-0.012120627007930797,-0.0031796004464417216,-0.7040868617551501,Final_Model
2023-11-30,0.0098614892800643,-0.01202993339066706,0.0066505332379052096,-0.7076466770976588,Final_Model
2023-12-01,0.0,-0.012239787260088252,0.0066505332379052096,-0.7112250195747634,Final_Model
2023-12-04,0.0101808245285601,-0.012800252982157402,0.01689906567838184,-0.714921412379124,Final_Model
2023-12-05,-0.0111065827919148,-0.012878319432588804,0.005604792014404003,-0.718592745493897,Final_Model
2023-12-06,0.0076955194513765,-0.012463400916628668,0.0133434432517483,-0.7221000369276542,Final_Model
2023-12-07,-0.0134158775712945,-0.01256204802302039,-0.0002514483205910967,-0.7255910296093646,Final_Model
2023-12-08,0.0043933328849514,-0.012091892893478319,0.00414077986818473,-0.7289091534883378,Final_Model
2023-12-11,-0.0058321545834137,-0.012071809281637036,-0.001715524383516076,-0.7321817104854241,Final_Model
2023-12-12,0.0446260536048161,-0.011913898473536633,0.04283397213820095,-0.735372470396057,Final_Model
2023-12-13,-0.0050140617688132,-0.011999213110965148,0.03760513818728306,-0.738547792518803,Final_Model
2023-12-14,0.014714752784761,-0.011739481148399754,0.0528732412839068,-0.741617105779736,Final_Model
2023-12-15,0.0095351773307197,-0.012247753741742827,0.06291257434631858,-0.7447817158392246,Final_Model
2023-12-18,-0.0068870352789102,-0.013076585671687707,0.05559225794839828,-0.7481190995970342,Final_Model
2023-12-19,-0.0386368300133156,-0.012756792055298206,0.014807519314673945,-0.751332291866176,Final_Model
2023-12-20,0.0127782077140241,-0.0118295985939278,0.027774940586230423,-0.7542739310366712,Final_Model
2023-12-21,0.0024420533173348,-0.012521043829655909,0.030284821789362537,-0.75735067791625,Final_Model
2023-12-22,0.017661321336527,-0.01284502527204369,0.048481013095130976,-0.7604675145906601,Final_Model
2023-12-26,0.0083782693895615,-0.013013626668795228,0.057265469472682407,-0.7635847009308259,Final_Model
2023-12-27,-0.0213649458407171,-0.013763926459651993,0.03467704997813814,-0.7668387037211506,Final_Model
2023-12-28,0.0092984901003509,-0.012835425691354388,0.04429798428442022,-0.7698314282136377,Final_Model
2023-12-29,0.0236331297640775,-0.013696982085734832,0.06897801405937853,-0.7729840430180946,Final_Model
2024-01-01,0.0416747884606507,-0.012890337140720416,0.11352744666438963,-0.7759103552399147,Final_Model
2024-01-02,0.0606686894499568,-0.011806020123917023,0.18108369752007492,-0.7785559620955137,Final_Model
2024-01-03,0.0044270952559848,-0.010213085005353659,0.1863124675542871,-0.780817588878561,Final_Model
2024-01-04,0.0271508717968169,-0.013875484805097718,0.21852188527181915,-0.7838588510936212,Final_Model
2024-01-05,-0.0369034845178002,-0.013698419789096451,0.17355418174408976,-0.7868196432850384,Final_Model
2024-01-08,0.0023169076526576,-0.013978502455804828,0.17627319840858102,-0.7897995854249078,Final_Model
2024-01-09,0.000889083540815,-0.015389749316453954,0.17731900354878793,-0.7930345171114332,Final_Model
2024-01-10,0.0023093900827935,-0.01693153487917222,0.18003789237986778,-0.7965387604037457,Final_Model
2024-01-11,-0.0280041512025704,-0.01684786442881766,0.1469919328168996,-0.7999666477849826,Final_Model
2024-01-12,0.0251640781797641,-0.016688003485227337,0.17585492748586296,-0.8033048050639084,Final_Model
2024-01-15,0.0231234164258804,-0.017186565050393093,0.20304471063054197,-0.8066853198267774,Final_Model
2024-01-16,-0.0274687109334945,-0.014926931883624983,0.16999862323416215,-0.8095709148898278,Final_Model
2024-01-17,0.0021450908743663,-0.01414725031179901,0.17250837660388285,-0.8122649628235283,Final_Model
2024-01-18,-0.0149838222385808,-0.014119618281689526,0.15493971951560348,-0.8149157098865589,Final_Model
2024-01-19,-0.0492576143712176,-0.013837813201659874,0.0980501441897017,-0.8174768717197105,Final_Model
2024-01-23,0.007619128779412,-0.012528092560078453,0.10641632964453507,-0.819763538365161,Final_Model
2024-01-24,-0.0219281208788948,-0.012939309387089828,0.08215469862570646,-0.8220956737050886,Final_Model
2024-01-25,0.0054115889583314,-0.01279704700775753,0.08801087504399585,-0.824372323731568,Final_Model
2024-01-29,-0.0003844363437095,-0.013092665612350222,0.08759260412127778,-0.8266717581692247,Final_Model
2024-01-30,0.0323076579504435,-0.01307640094371531,0.12273017396466024,-0.8289382677542732,Final_Model
2024-01-31,0.0057749500157127,-0.01358627105130443,0.12921388460043848,-0.8312623588150693,Final_Model
2024-02-01,0.0175958965209634,-0.01306421387636486,0.1490834152639029,-0.8334667834485024,Final_Model
2024-02-02,0.0362212872679934,-0.013192700391161861,0.1907046957430638,-0.8356638062796429,Final_Model
2024-02-05,0.0488318056261294,-0.013106949766298358,0.2488489560037086,-0.8378177525155203,Final_Model
2024-02-06,-0.0278009369510572,-0.011507009124685684,0.21412978491645585,-0.8396839851171862,Final_Model
2024-02-07,-0.0191213708509909,-0.013176388295377893,0.1909139590378346,-0.8417963711792498,Final_Model
2024-02-08,-0.0396910093665402,-0.0140929641830696,0.14364538193492038,-0.8440259292538522,Final_Model
2024-02-09,-0.0245061322616438,-0.012289748445918354,0.11561905694480501,-0.8459428113474082,Final_Model
2024-02-12,0.001874728146658,-0.014266665025411802,0.11771053939180742,-0.8481406936526714,Final_Model
2024-02-13,0.016841324171015,-0.01580863588958445,0.13653426491506493,-0.8505413821331612,Final_Model
2024-02-14,0.0095692768153849,-0.016196107239042766,0.14741007590620736,-0.8529620299359316,Final_Model
2024-02-15,0.045752907560677,-0.016607671441383982,0.19990742304333353,-0.8554039882321638,Final_Model
2024-02-16,0.0146417836778869,-0.016206219210291258,0.21747620796502476,-0.8577473428958071,Final_Model
2024-02-19,-0.0338429689934657,-0.013878821798277659,0.17627319840858213,-0.8597216421740878,Final_Model
2024-02-20,-0.0256045409444651,-0.01569341246303034,0.14615526313805272,-0.8619230883030864,Final_Model
2024-02-21,-0.011678888941309,-0.015722348397969634,0.13276944311036654,-0.8640939816145009,Final_Model
2024-02-22,0.0083087187943431,-0.015905462904320995,0.14218130587199518,-0.8662556297484054,Final_Model
2024-02-23,-0.0003662036145818,-0.0153321654955769,0.1417630349492771,-0.8683062205672046,Final_Model
2024-02-26,0.0100751843332831,-0.015518861867962912,0.1532665079913198,-0.8703499581390921,Final_Model
2024-02-27,-0.0168662313575941,-0.015446425905127681,0.13381524825057345,-0.8723525879042934,Final_Model
2024-02-28,0.0201069398132358,-0.01565333094599789,0.15661280320647686,-0.8743506950902277,Final_Model
2024-02-29,-0.009403266844706,-0.016456186203909796,0.1457368643819228,-0.8764184034482146,Final_Model
2024-03-01,0.0182549208757059,-0.016530656334364666,0.16665220018559412,-0.8784612883500643,Final_Model
2024-03-04,0.0037648137020416,-0.01358688555179751,0.17104442837436995,-0.8801126209153649,Final_Model
2024-03-05,-0.019467820551405,-0.015430199996019522,0.14824674558505513,-0.8819625071516395,Final_Model
2024-03-06,0.0269580360101033,-0.015217315239640684,0.17920122270102112,-0.8837587208904099,Final_Model
2024-03-07,-0.00957773931746,-0.014689848721237339,0.16790714078716062,-0.8854662876956928,Final_Model
2024-03-11,-0.0316977637772523,-0.014993928149685747,0.13088709612472305,-0.8871835979487004,Final_Model
2024-03-12,-0.0647308578048733,-0.01553314073931509,0.05768380431210751,-0.8889359909994664,Final_Model
2024-03-13,0.0575439244479312,-0.014030549786779221,0.118547081237244,-0.8904942801072677,Final_Model
2024-03-14,-0.0589004937921976,-0.015206536887098138,0.05266410582254899,-0.8921594828761648,Final_Model
2024-03-15,-0.0039738152980413,-0.014005764162133297,0.04848101309513231,-0.8936698717261237,Final_Model
2024-03-18,-0.0195491123585813,-0.015012742570063874,0.027984139964296384,-0.8952661785693412,Final_Model
2024-03-19,0.0044761037366729,-0.01376368142535686,0.03258550361443113,-0.8967077015219731,Final_Model
2024-03-20,0.0074943792001249,-0.014014046671335094,0.04032409093506972,-0.8981552446136336,Final_Model
2024-03-21,0.0140732074169187,-0.01411543286994034,0.054964787647616475,-0.8995928274214454,Final_Model
2024-03-22,0.021808138546477,-0.014129047270689532,0.07797160589829044,-0.9010114851091241,Final_Model
2024-03-26,-0.004268538823247,-0.013803742191372731,0.07337024224815569,-0.9023778970485845,Final_Model
2024-03-27,0.0294231032843759,-0.013845452954847445,0.10495212574819868,-0.9037295192823517,Final_Model
2024-03-28,0.0210109388492505,-0.014367070868638379,0.12816820729364342,-0.90511264410138,Final_Model
2024-04-01,0.0012976329416563,-0.015136269182101772,0.129632155523157,-0.9065488846622394,Final_Model
2024-04-02,0.0094427228465843,-0.014929978759242464,0.1402989588863517,-0.9079441078292597,Final_Model
2024-04-03,-0.008620663561727,-0.015298714002380552,0.13046882520200498,-0.9093524445958139,Final_Model
2024-04-04,0.0025902104158663,-0.016233764279818513,0.13339697732785538,-0.9108239956427872,Final_Model
2024-04-05,0.0105184823762776,-0.01586402450341791,0.14531859345920473,-0.9122386859610269,Final_Model
2024-04-08,-0.0091307937909664,-0.01688254716198643,0.13486092555736917,-0.9137203204842878,Final_Model
2024-04-09,0.0258017460692041,-0.016801307741272045,0.16414231898246245,-0.9151699319316495,Final_Model
2024-04-10,-0.0154509079784431,-0.015439129212327964,0.14615526313805316,-0.9164796343136474,Final_Model
2024-04-12,-0.0319342824514858,-0.01569895763746517,0.1095536172317455,-0.9177908169964231,Final_Model
2024-04-15,-0.0056550445845724,-0.014977149614504803,0.10327904205732641,-0.9190220762299538,Final_Model
2024-04-16,0.0130805505990314,-0.014858129915954275,0.11771053939180831,-0.9202252567416535,Final_Model
2024-04-18,-0.0207709893517384,-0.013569257199522011,0.0944945856797752,-0.9213077407509518,Final_Model
2024-04-19,0.0363080219979672,-0.014559797535162608,0.1342335191732924,-0.9224534841132024,Final_Model
2024-04-22,0.0331919753825957,-0.014712475377182392,0.1718809702198072,-0.9235943853187732,Final_Model
2024-04-23,0.0337319224705421,-0.014612652977136709,0.21141076825196548,-0.9247108740516148,Final_Model
2024-04-24,0.0070786832241507,-0.012802606385805354,0.21998596133474613,-0.9256747710962633,Final_Model
2024-04-25,0.0505743086883396,-0.016290310695643948,0.2816859079387304,-0.92688555216763,Final_Model
2024-04-26,-0.0008158608129484,-0.010417578006911506,0.2806402306319351,-0.927647227631356,Final_Model
2024-04-29,-0.0248245165721039,-0.015612965000912096,0.2488489560037097,-0.9287768689340666,Final_Model
2024-04-30,0.0413666338190259,-0.017371233419292677,0.3005096334619881,-0.9300141025686658,Final_Model
2024-05-02,-0.0183337605883222,-0.017202912325806195,0.2766664011992892,-0.93121806382622,Final_Model
2024-05-03,-0.0150721631440376,-0.017581322758983692,0.2574242769199022,-0.932427341246079,Final_Model
2024-05-06,-0.0184631028191226,-0.019659008877467847,0.23420832320786933,-0.9337557527443964,Final_Model
2024-05-07,0.0405016438424836,-0.01925984595430999,0.2841957891418634,-0.9350316067418986,Final_Model
2024-05-08,-0.0271986831582461,-0.019292342380104494,0.24926735475984008,-0.9362849992285192,Final_Model
2024-05-09,0.0179139268691508,-0.017657072622671605,0.2716466387930254,-0.9374100196242947,Final_Model
2024-05-10,-0.0077302399774178,-0.018292240917078588,0.2618165051086785,-0.9385549306243224,Final_Model
2024-05-13,0.0306646237362204,-0.016798531105868368,0.3005096334619888,-0.9395871175335319,Final_Model
2024-05-14,0.0032165026846291,-0.016224432007541187,0.30469272618940524,-0.9405672822374886,Final_Model
2024-05-15,-0.019717828240593,-0.014717401393216104,0.2789670191076514,-0.9414419774006892,Final_Model
2024-05-16,0.0003270380834448,-0.015864301989985757,0.2793852900303695,-0.9423709595551412,Final_Model
2024-05-17,0.0057217949679977,-0.014936227810614329,0.2867056703449955,-0.9432317200317327,Final_Model
2024-05-21,0.0011378484580182,-0.0164526679749247,0.2881697464079209,-0.9441657096935582,Final_Model
2024-05-22,0.0245169640270792,-0.016903553473394534,0.31975175774137576,-0.9451095076054021,Final_Model
2024-05-23,0.0125198602827956,-0.01617520383882253,0.3362748653562717,-0.9459973725086981,Final_Model
2024-05-24,-0.0140867167461379,-0.013142223758850505,0.3174511398330142,-0.9467070871227546,Final_Model
2024-05-27,0.0088902581020764,-0.016634182566184874,0.3291636205030044,-0.9475935711650385,Final_Model
2024-05-28,0.0184106502034167,-0.01754678721867025,0.35363438698319216,-0.948513135620696,Final_Model
2024-05-29,-0.0394004183566987,-0.017150878985916516,0.30030062583404105,-0.9493961806010297,Final_Model
2024-05-30,-0.0051472511799,-0.015970961026635755,0.29360765190349203,-0.9502043722284496,Final_Model
2024-05-31,0.0012934459082878,-0.017117530172211758,0.2952808634277764,-0.9510567503892733,Final_Model
2024-06-03,-0.0605522646823327,-0.01784330527200289,0.21684867374753725,-0.9519300597330813,Final_Model
2024-06-04,0.0493297681200131,-0.013567255187426651,0.2768755366606488,-0.952582236879527,Final_Model
2024-06-05,0.0900900927958801,-0.017078459994492833,0.3919093722471958,-0.9533920592500084,Final_Model
2024-06-06,0.0097670350718921,-0.016527463324393636,0.4055041999028295,-0.9541623702813793,Final_Model
2024-06-07,0.0116071117548086,-0.01646938864178095,0.42181804422295466,-0.9549172880196334,Final_Model
2024-06-10,0.0133863745050653,-0.017530718968247483,0.4408510330409827,-0.9557076203736876,Final_Model
2024-06-11,-0.0161126675691343,-0.01790360994147463,0.4176350793289496,-0.9565006138618968,Final_Model
2024-06-12,-0.0022130431399134,-0.017976726397932657,0.41449779174174006,-0.9572825904249795,Final_Model
2024-06-13,-0.0099068563369818,-0.018699156739929806,0.40048456532997667,-0.9580813699621467,Final_Model
2024-06-14,-0.019265223160073,-0.018698959959748775,0.3735039176466568,-0.9588652047467919,Final_Model
2024-06-18,0.0118775375232107,-0.018438725363307908,0.389817761966782,-0.9596236779393418,Final_Model
2024-06-19,0.0317532002324114,-0.017507542508715293,0.4339489236490752,-0.9603305681141643,Final_Model
2024-06-20,0.0084597709346925,-0.017771935652776683,0.44607980307519535,-0.9610355707050215,Final_Model
2024-06-21,-0.0101243601941651,-0.016860249474259154,0.43143917027935474,-0.961692520703557,Final_Model
2024-06-24,-0.008620705052434,-0.017099701988731737,0.4190991553918757,-0.9623475671834657,Final_Model
2024-06-25,0.0380250352215443,-0.017927867502385057,0.47306045075851566,-0.963022595010143,Final_Model
2024-06-26,-0.0170382014429569,-0.017316492158019628,0.4479621500608393,-0.9636629139536738,Final_Model
2024-06-27,0.0143001476302615,-0.01719642651347192,0.4686682225697403,-0.9642877819835831,Final_Model
2024-06-28,0.0186556215930771,-0.0175186548537785,0.49606714117577844,-0.9649134120050756,Final_Model
2024-07-01,-0.0026561838859202,-0.017185709641111914,0.49209331174313276,-0.9655163999186538,Final_Model
2024-07-02,0.0133165469659883,-0.017270924421309126,0.5119628424065974,-0.9661119635694333,Final_Model
2024-07-03,-0.0004150460579375,-0.017948196993807224,0.5113353081891086,-0.9667201927230225,Final_Model
2024-07-04,0.0260532836255424,-0.018295725039756537,0.550710555626656,-0.9673290709263381,Final_Model
2024-07-05,-0.0095894602741437,-0.0181660142160961,0.5358400783567789,-0.9679225714883434,Final_Model
2024-07-08,-0.0099549814734617,-0.018822402133709025,0.5205508188305372,-0.9685263457472051,Final_Model
2024-07-09,-0.0144628099173553,-0.019493653767293354,0.4985593813681122,-0.9691398822660006,Final_Model
2024-07-10,-0.0089448279721349,-0.018463938827484316,0.4851550254957455,-0.9697096815920501,Final_Model
2024-07-11,-0.0107177772494739,-0.018354062553297384,0.4692374647515454,-0.9702656319908689,Final_Model
2024-07-12,0.0239486639956789,-0.018425581518852846,0.5044237391247433,-0.9708135050125327,Final_Model
2024-07-15,-0.0160100239390712,-0.018780021666864613,0.4803378790468491,-0.9713616280207772,Final_Model
2024-07-16,-0.028862427463541,-0.018195388908895646,0.4376117343913273,-0.9718827143366567,Final_Model
2024-07-18,-0.023310022480926,-0.017803687759155064,0.4041009725438225,-0.9723833057112419,Final_Model
2024-07-19,0.0004474758085382,-0.016949407430542837,0.4047292737617809,-0.9728513923146268,Final_Model
2024-07-22,0.0050692758566057,-0.01672755741319301,0.41185023395432885,-0.9733055222083721,Final_Model
2024-07-23,0.0324877988536147,-0.016641035671371443,0.4577181403664661,-0.9737497459655312,Final_Model
2024-07-24,0.0397988681135506,-0.01703775565110477,0.5157336723816413,-0.97419699137955,Final_Model
2024-07-25,0.0183777636709006,-0.01707638204862054,0.5435894676006974,-0.9746376134127566,Final_Model
2024-07-26,-0.01804611640837,-0.017256776101242467,0.5157336723816415,-0.9750752864394858,Final_Model
2024-07-29,-0.0066325655824303,-0.01802152453605306,0.5056804693940724,-0.9755244677764707,Final_Model
2024-07-30,0.0080678642314639,-0.018393879728717838,0.5178280949971108,-0.9759746677724866,Final_Model
2024-07-31,-0.0209742127100847,-0.018744008237762406,0.48599284567529866,-0.9764249987976742,Final_Model
2024-08-01,0.0038055140338706,-0.01851440079483102,0.4916478123037473,-0.9768614758186727,Final_Model
2024-08-02,-0.0440887726423329,-0.018776498208856962,0.42588289104465415,-0.9772959362765189,Final_Model
2024-08-05,-0.0173325323216032,-0.017143313856914998,0.4011687297488018,-0.9776851591667579,Final_Model
2024-08-06,0.0369207955262052,-0.0174447918279184,0.4529009939175699,-0.978074436919767,Final_Model
2024-08-07,-0.0221998329869805,-0.018462772846230595,0.42064683450598195,-0.978479243610443,Final_Model
2024-08-08,-0.0064867513756305,-0.018154002723201966,0.41143145169796513,-0.9788699314805445,Final_Model
2024-08-09,0.0026710012283108,-0.017210625346012517,0.4152013868391271,-0.9792335931733683,Final_Model
2024-08-12,-0.0022199200427724,-0.018246848217456597,0.41205975291592356,-0.9796125146467558,Final_Model
2024-08-13,-0.0280332602667748,-0.017921838484124243,0.37247511435019387,-0.9799778958663541,Final_Model
2024-08-14,0.0405921518641896,-0.01709803033682681,0.42818683262171797,-0.9803202344102383,Final_Model
2024-08-16,0.0112919062856631,-0.017901352886904837,0.4443137844941005,-0.9806725288387922,Final_Model
2024-08-19,0.0056554880396402,-0.018383568478914293,0.4524820838277943,-0.9810278367284085,Final_Model
2024-08-20,0.0237923576063445,-0.01847429699578291,0.48704005698303376,-0.9813783341073403,Final_Model
2024-08-21,0.004225352112676,-0.018981152285415137,0.49332332482944086,-0.9817317947834571,Final_Model
2024-08-22,-0.0137447234122983,-0.019394924521635014,0.4727980087645265,-0.9820861052447777,Final_Model
2024-08-23,0.0046928153237819,-0.019321830675655856,0.47970957782889223,-0.9824322344859796,Final_Model
2024-08-26,-0.0014154281670205,-0.019707031564772992,0.47761515521342335,-0.9827784429954869,Final_Model
2024-08-27,0.0111977667102232,-0.020023492212752132,0.49416114500899355,-0.9831232787080583,Final_Model
2024-08-28,-0.0035043452683553,-0.019079100442092066,0.4889250884703209,-0.9834452713687204,Final_Model
2024-08-29,0.0102686559885625,-0.019624353169943383,0.5042143479965626,-0.9837701472100132,Final_Model
2024-08-30,0.0119743461985049,-0.020547951856198794,0.5222263313562319,-0.984103637443775,Final_Model
2024-09-02,-0.0041276830632729,-0.02003030079118294,0.5159430635098246,-0.9844220463672619,Final_Model
2024-09-03,0.0483559002352611,-0.020331061139246355,0.5892478550512419,-0.9847387626949935,Final_Model
2024-09-04,0.009093337539622,-0.019845627051107283,0.6036994222313432,-0.9850416315188871,Final_Model
2024-09-05,-0.0238996832979294,-0.018963780122672358,0.5653715139349418,-0.9853252987297568,Final_Model
2024-09-06,0.0104361620794481,-0.019984731226145067,0.5817079847689179,-0.9856185686904666,Final_Model
2024-09-09,0.0238347453774476,-0.02045681323378843,0.6194075918473609,-0.9859127669448002,Final_Model
2024-09-10,-0.0033626960424796,-0.020341636530297948,0.6139620163470942,-0.9861993243193268,Final_Model
2024-09-11,-0.0225797611344017,-0.01998057708082345,0.5775191395379795,-0.9864750697835318,Final_Model
2024-09-12,0.0062400585911559,-0.021346336839716706,0.5873629513973664,-0.9867637774996663,Final_Model
2024-09-13,0.0323261633603206,-0.02215575046583173,0.6386763054763585,-0.9870570359424939,Final_Model
2024-09-16,-0.0392382556864341,-0.0221029300731935,0.574377505614776,-0.9873431133719968,Final_Model
2024-09-17,-0.0324597898334771,-0.021351383817008344,0.5232735426639665,-0.9876133554163197,Final_Model
2024-09-18,-0.0059122616047572,-0.021371626298906862,0.5142675509841319,-0.9878780781554595,Final_Model
2024-09-19,0.0106500860401539,-0.020840513303166462,0.5303946306899261,-0.9881307052289205,Final_Model
2024-09-20,0.0136855068194068,-0.021499648418319597,0.5513388568446167,-0.9883858908934722,Final_Model
2024-09-23,0.0148508165501763,-0.021919578537479764,0.5743775056147764,-0.9886404672701755,Final_Model
2024-09-24,-0.011706781495362,-0.02150031442368814,0.5559466121653311,-0.988884700795573,Final_Model
2024-09-25,0.0037689967706988,-0.020973835327288262,0.5618109699219622,-0.9891178312507002,Final_Model
2024-09-26,-0.0107281746936312,-0.021569877462893863,0.5450555889982098,-0.9893525582971531,Final_Model
2024-09-27,-0.01558899255755,-0.021210093115456075,0.5209697289203157,-0.9895783915271119,Final_Model
2024-09-30,0.0207931359571951,-0.020359743919113188,0.552595459280534,-0.9897905728068451,Final_Model
2024-10-01,-0.0380412959279677,-0.02047676278885338,0.4935327159576244,-0.9899996288256894,Final_Model
2024-10-03,-0.028607438055434,-0.019493991749638825,0.45080657130210255,-0.9901945759788547,Final_Model
2024-10-04,-0.0183340724458302,-0.018452034602332266,0.4242073785189633,-0.9903755060021835,Final_Model
2024-10-07,0.0079412123736213,-0.017747834131128994,0.43551731177586084,-0.9905463199252528,Final_Model
2024-10-08,0.0126932460781752,-0.018948565665850493,0.4537386862637125,-0.9907254536029331,Final_Model
2024-10-09,-0.0036017866127852,-0.01967572109003584,0.44850262972503985,-0.9909079369910784,Final_Model
2024-10-10,0.0010121634351392,-0.019356350148949104,0.4499687511225505,-0.9910839261462553,Final_Model
2024-10-11,0.0010111399962071,-0.0194485446185999,0.451434872520061,-0.9912573308064226,Final_Model
2024-10-14,0.0164502516797437,-0.01942168602073137,0.4753113414697727,-0.9914271281824834,Final_Model
2024-10-15,-0.0157581434360781,-0.01913091552987054,0.4520631737380192,-0.9915911350690727,Final_Model
2024-10-16,-0.0219241489609981,-0.01902031043841946,0.42022792441620704,-0.9917510742904937,Final_Model
2024-10-17,0.0026545478438775,-0.01836355628814393,0.42399798739078065,-0.9919025539020769,Final_Model
2024-10-18,-0.0075011566965142,-0.018369295826841242,0.4133163553518415,-0.9920512982848916,Final_Model
2024-10-21,-0.0343805759139241,-0.017989148405902232,0.364725725106277,-0.992194288659679,Final_Model
2024-10-22,-0.0018415457594146,-0.016771838172416578,0.3622125202344435,-0.9923252047870994,Final_Model
2024-10-23,-0.0078413844244368,-0.016864394532838653,0.3515308881955044,-0.9924546355615285,Final_Model
2024-10-24,-0.0330078850083636,-0.017257552069504786,0.30691971205269564,-0.9925848500812088,Final_Model
2024-10-25,0.0376602564102563,-0.016832541575557358,0.3561386435162186,-0.9927096659005058,Final_Model
2024-10-28,0.01003861003861,-0.01796750299865492,0.36975239051676745,-0.9928406550002997,Final_Model
2024-10-29,-0.0192660177155007,-0.01780272616303477,0.343362716695222,-0.9929681108588361,Final_Model
2024-10-30,-0.0143436418098606,-0.01707914022221218,0.3240940030662245,-0.993088209479505,Final_Model
2024-10-31,0.0053779868922128,-0.015900688842161136,0.3312149632587722,-0.9931981117099137,Final_Model
2024-11-01,-0.0217117500362504,-0.01829995513258942,0.3023119567319814,-0.9933225859604391,Final_Model
2024-11-04,0.0154391071237687,-0.016938201181855336,0.3224184905405314,-0.9934356893428157,Final_Model
2024-11-05,0.0226480634146934,-0.017736390146963613,0.3523687083750566,-0.9935521165176774,Final_Model
2024-11-06,0.0159516611402297,-0.01867769511069179,0.37394123574770566,-0.9936725481194695,Final_Model
2024-11-07,-0.0204268664848513,-0.018508949467670455,0.3458759215670557,-0.9937896626065853,Final_Model
2024-11-08,0.0852786350920058,-0.01833269543591555,0.46065038316148965,-0.9939035148305732,Final_Model
2024-11-11,-0.0034413884858678,-0.016436612404498625,0.4556237177509992,-0.9940037203943327,Final_Model
2024-11-12,-0.0458993157036871,-0.018835108107505834,0.38881158518417136,-0.9941166609689484,Final_Model
2024-11-13,0.0128185798717441,-0.018168711318157095,0.4066141774156582,-0.9942235536573903,Final_Model
2024-11-14,-0.0311196607186772,-0.017946440659905423,0.3628408214524017,-0.9943272203089031,Final_Model
2024-11-18,0.0052250857770455,-0.017676536480492597,0.36996178164494964,-0.9944274954060586,Final_Model
2024-11-19,-0.0120776084295516,-0.018648951006078253,0.35341591968279107,-0.9945314167712122,Final_Model
2024-11-21,0.0259981236081845,-0.01857327175001998,0.38860219405598895,-0.9946329862536081,Final_Model
2024-11-22,0.0146304859834558,-0.01963386880360693,0.4089181189927211,-0.9947383614973718,Final_Model
2024-11-25,0.048461386939747,-0.020059838045708017,0.4771962451236478,-0.9948439091135897,Final_Model
2024-11-26,0.0170140368746503,-0.01971039129248567,0.5023293165092766,-0.9949455376825004,Final_Model
2024-11-27,0.0147776896716651,-0.01861417547118712,0.5245302729332955,-0.9950396223309909,Final_Model
2024-11-28,0.0032971057815778,-0.01826070502930479,0.5295568105103743,-0.9951302023244386,Final_Model
2024-11-29,0.0279337597631805,-0.018868634287962968,0.5722830829993077,-0.9952220887558351,Final_Model
2024-12-02,-0.0039962700828791,-0.018178154292364912,0.5659998151529007,-0.9953089423636268,Final_Model
2024-12-03,0.0156480032312633,-0.019290218389022083,0.590504585320571,-0.9953994338899079,Final_Model
2024-12-04,-0.0117198105450807,-0.01930676991861554,0.571864172909532,-0.9954882559612909,Final_Model
2024-12-05,0.0127914398213691,-0.020357862420546262,0.5919705788846703,-0.9955801054257076,Final_Model
2024-12-06,-0.0274963347588521,-0.020303332691740235,0.548197222921414,-0.9956698440157119,Final_Model
2024-12-09,-0.0010822345505382,-0.020094510683380903,0.5465217103957212,-0.9957568563813989,Final_Model
2024-12-10,-0.0036565711237263,-0.02034050210430556,0.5408667437672723,-0.9958431640531019,Final_Model
2024-12-11,-0.0303112510846246,-0.02054979094253688,0.49416114500899444,-0.995928586162793,Final_Model
2024-12-12,-0.0109336256815121,-0.019552098401715783,0.4778245463416064,-0.9960081908467722,Final_Model
2024-12-13,0.0025510896972895,-0.01936186810305507,0.48159460931618003,-0.9960854797290896,Final_Model
2024-12-16,-0.00777495025471,-0.018665547720326206,0.4700752849311003,-0.9961585463940085,Final_Model
2024-12-17,-0.0082633546465065,-0.018049802805398724,0.4579275314946505,-0.9962278838740827,Final_Model
2024-12-18,0.0066082987824007,-0.017350297886284408,0.46756195222585517,-0.996293331212529,Final_Model
2024-12-19,-0.0411017372502334,-0.017693762637386062,0.4072426064670285,-0.99635891613023,Final_Model
2024-12-20,-0.019050525916095,-0.016181680597918663,0.38043389472229516,-0.9964178349864408,Final_Model
2024-12-23,0.0453649302406382,-0.01637056861337536,0.44305718205818456,-0.9964764770645796,Final_Model
2024-12-24,0.0056604127925434,-0.016041759827539102,0.45122548139187835,-0.9965330005732566,Final_Model
2024-12-26,0.0176070872305014,-0.017042457806962986,0.47677733503387154,-0.9965920867647036,Final_Model
2024-12-27,0.042972698733886,-0.01741920574770687,0.5402384425493132,-0.9966514499065195,Final_Model
2024-12-30,-0.0063910960715238,-0.01722735331586405,0.5303946306899263,-0.9967091365620758,Final_Model
2024-12-31,0.0094429495875678,-0.018437936385410872,0.5448460700366158,-0.9967698132927973,Final_Model
2025-01-01,0.0120661940193158,-0.01889509527486661,0.5634864824476551,-0.9968308479783855,Final_Model
2025-01-02,-0.0107166778298727,-0.019719842994242613,0.5467311015239027,-0.9968933431586766,Final_Model
2025-01-03,-0.0301963274109258,-0.019364652273609617,0.5000255027656251,-0.9969535024881423,Final_Model
2025-01-06,0.0677185132272522,-0.018778517767427484,0.6016049996158748,-0.9970107111957971,Final_Model
2025-01-07,-0.0291617463541132,-0.01676104619646985,0.5548994008575971,-0.9970608148035389,Final_Model
2025-01-08,-0.0013469827143247,-0.01893155912860294,0.5528049782421283,-0.9971164581618757,Final_Model
2025-01-09,-0.0263015907173878,-0.018894862167854125,0.5119637372404815,-0.9971709422874623,Final_Model
2025-01-10,0.0117744836023507,-0.018533078697339493,0.5297663294719686,-0.9972233734366881,Final_Model
2025-01-13,0.0614731131956431,-0.014496345057067365,0.6238058282064824,-0.9972636243734444,Final_Model
2025-01-14,-0.0144460368675022,-0.016931882064524957,0.6003482693465465,-0.9973099563628375,Final_Model
2025-01-15,0.0290538056751115,-0.018592600927771152,0.6468444769766422,-0.9973599712706616,Final_Model
2025-01-16,0.0013990037367053,-0.018108875705056954,0.6491484185537051,-0.9974077792227789,Final_Model
2025-01-17,0.0199389772480105,-0.018665267442769758,0.68203075134984,-0.9974561637168565,Final_Model
2025-01-20,-0.0273938496685284,-0.019594783760693416,0.6359534538095206,-0.9975060096387472,Final_Model
2025-01-21,-0.0064012292360516,-0.01899060670567229,0.6254813407321755,-0.9975533720288255,Final_Model
2025-01-22,0.0238371351397517,-0.019531267481138453,0.6642281591183532,-0.9976011577741574,Final_Model
2025-01-23,-0.0227787265820019,-0.020294090285589185,0.626319160911728,-0.9976498400948696,Final_Model
2025-01-24,-0.0463618802318094,-0.020114083019840447,0.5509199467548416,-0.9976971114063112,Final_Model
2025-01-27,-0.0279541015625,-0.01778883148067715,0.5075653730479497,-0.9977380771034231,Final_Model
2025-01-28,-0.0116698576290088,-0.016935930437797272,0.48997229977805645,-0.9977763848722553,Final_Model
2025-01-29,0.0036547308078587,-0.01714335506700168,0.4954177474449115,-0.9978145050959225,Final_Model
2025-01-30,0.01554618429403,-0.017337656353283985,0.5186657873432534,-0.9978523964555313,Final_Model
2025-01-31,0.0217901659910515,-0.016904807754557057,0.5517577669343938,-0.9978887012805835,Final_Model
2025-02-01,-0.016196517214978,-0.0006569631502251205,0.526624695548765,-0.9978900883260413,Final_Model
2025-02-03,0.0181094124430658,-0.016933951214245895,0.5542709718062275,-0.9979258174673945,Final_Model
2025-02-04,0.0517450824381757,-0.017199040778523043,0.6346968513736044,-0.9979614914173549,Final_Model
2025-02-05,0.0171685130225016,-0.016958082219033388,0.6627621655542546,-0.9979960606135035,Final_Model
2025-02-06,-0.0255700317468908,-0.01725107737484826,0.6202452841935036,-0.9980306307269146,Final_Model
2025-02-07,-0.0249482786996607,-0.017917563799157585,0.5798229532816332,-0.9980659170265092,Final_Model
2025-02-10,-0.0401696782226186,-0.017420176692775576,0.516361973599603,-0.9980996090936458,Final_Model
2025-02-11,-0.0167126734612396,-0.01634676965147186,0.491019511085792,-0.9981306743460397,Final_Model
2025-02-12,0.0094113652789793,-0.01619051522668581,0.5050520403427057,-0.9981609396915039,Final_Model
2025-02-13,-0.0276926858544352,-0.01685218729436832,0.4633731069949185,-0.9981919318802682,Final_Model
2025-02-14,-0.0051524782570449,-0.01635594722893864,0.45583310887918294,-0.9982215045470209,Final_Model
2025-02-17,-0.0269025346405915,-0.01672037604037504,0.41666750823664067,-0.9982512416597809,Final_Model
2025-02-18,-0.0041396344279416,-0.016318254379658698,0.41080302264659796,-0.998279778343225,Final_Model
2025-02-19,-0.0023752607540488,-0.01591781331666413,0.407451997595212,-0.9983071605104209,Final_Model
2025-02-20,-0.0401785714285714,-0.015376345703501833,0.3509025869775473,-0.9983331901956332,Final_Model
2025-02-21,-0.0051162601441375,-0.014732346363830771,0.34399101791318176,-0.9983577462149937,Final_Model
2025-02-24,0.0010908714254558,-0.014858857983203362,0.34545713931069244,-0.9983821482307575,Final_Model
2025-02-25,-0.0291096069370291,-0.013806162366682528,0.30629141083473854,-0.9984044845549689,Final_Model
2025-02-27,-0.0301426766474525,-0.013418711467293343,0.26691629123060245,-0.9984258943163674,Final_Model
2025-02-28,0.00859638115722,-0.012774373779842751,0.27780718656431236,-0.9984460025307391,Final_Model
2025-03-03,0.031961974725982,-0.013286493272596171,0.3186484275659591,-0.9984666497076601,Final_Model
2025-03-04,0.0319250911698141,-0.01383778667390867,0.3607463988369344,-0.9984878678819018,Final_Model
2025-03-05,0.0250884831256161,-0.01454583491973696,0.3948854619023978,-0.9985098631060685,Final_Model
2025-03-06,0.0021021387598536,-0.015427410197466185,0.39781770469741917,-0.9985328520591816,Final_Model
2025-03-07,-0.0166317593872414,-0.01553845232382458,0.37456953696566564,-0.998555649267512,Final_Model
2025-03-10,0.0022855401918324,-0.015514329308548035,0.3777111708888692,-0.9985780574004128,Final_Model
2025-03-11,-0.011553626827262,-0.01600364808989438,0.36179361014466904,-0.9986008136693807,Final_Model
2025-03-12,-0.0063058082807113,-0.015908904428141656,0.353206400721199,-0.9986230731909916,Final_Model
2025-03-13,0.0315740987229755,-0.015789022654512666,0.3959326732101325,-0.9986448135195727,Final_Model
2025-03-17,0.0,-0.01661835123382118,0.3959326732101325,-0.9986673344844917,Final_Model
2025-03-18,0.0259564708071549,-0.017447154063006107,0.432166158891065,-0.9986905857050553,Final_Model
2025-03-19,-0.0023398297959927,-0.01736790961566001,0.4288151338396793,-0.9987133274941794,Final_Model
2025-03-20,0.0087950746007596,-0.01801006088254014,0.4413816695324937,-0.998736500544345,Final_Model
2025-03-21,0.0151118325987149,-0.018735893417367665,0.4631635880333249,-0.9987601733354792,Final_Model
2025-03-24,-0.0032922815249738,-0.01906444341180359,0.4583464415844283,-0.9987838099407653,Final_Model
2025-03-25,0.0004308312483525,-0.018560461422799893,0.4589747428023865,-0.9988063829894426,Final_Model
2025-03-26,-0.0078954926683334,-0.018109724714701958,0.4474554184173065,-0.9988279990649185,Final_Model
2025-03-27,-0.0111415879668447,-0.017664550953390548,0.43132846654492396,-0.9988487019351537,Final_Model
2025-03-28,-0.007609031345133,-0.017098802540483418,0.4204374433778024,-0.9988683877534298,Final_Model
2025-04-01,0.008699444518891,-0.016925523809217496,0.432794460109023,-0.9988875408834519,Final_Model
2025-04-02,0.0108171680721436,-0.01736922283905433,0.44829323859685855,-0.9989068634337466,Final_Model
2025-04-03,-0.0519161596732646,-0.01749699435408305,0.3731034155681545,-0.9989259900380745,Final_Model
2025-04-04,-0.0619279699479116,-0.015828234232440543,0.288069908513475,-0.9989429897193198,Final_Model
2025-04-07,0.0481300416031504,-0.01416547238576165,0.3500647667979948,-0.9989579627692623,Final_Model
2025-04-08,-0.0496431914551535,-0.015043757709489555,0.2830432431029848,-0.9989736389248858,Final_Model
2025-04-09,0.0334639255909081,-0.014158721890948918,0.32597890672010066,-0.998988170885908,Final_Model
2025-04-11,0.038856480129108,-0.015338851702593609,0.37750177976068655,-0.9990036911826374,Final_Model
2025-04-15,0.0009122328946356,-0.01639563297537791,0.3787583821966034,-0.999020026296337,Final_Model
2025-04-16,0.0065319578804565,-0.016640181605687004,0.38776437387643803,-0.9990363332367348,Final_Model
2025-04-17,0.0018110658787302,-0.017400576773020406,0.39027770658168315,-0.9990531015942326,Final_Model
2025-04-21,0.005724597563798,-0.017718296451888167,0.39823648695378333,-0.9990698790208958,Final_Model
2025-04-22,0.0056921045043325,-0.017800241947219526,0.40619539515929515,-0.999086435399364,Final_Model
2025-04-23,-0.0266607443597935,-0.018145720755109382,0.36870517920903434,-0.9991030126874989,Final_Model
2025-04-24,-0.0456005934092865,-0.017725198501971184,0.30629141083473854,-0.9991189119656667,Final_Model
2025-04-25,0.0288600282951816,-0.016905581451871814,0.34399101791318176,-0.9991338072711975,Final_Model
2025-04-28,-0.0062334422999971,-0.017840635515639358,0.33561332745130557,-0.9991492606999584,Final_Model
2025-04-29,0.0092519417688059,-0.018113682836051657,0.34797034418252615,-0.9991646707218155,Final_Model
2025-04-30,-0.0113424301893777,-0.018457415943838575,0.33268108465628443,-0.9991800887417529,Final_Model
2025-05-02,0.055791294485378,-0.018263821839767318,0.4070330875054362,-0.999195063454898,Final_Model
2025-05-05,0.0165228294474373,-0.018983193721837134,0.43028125523718974,-0.9992103437212675,Final_Model
2025-05-06,0.0147898304654527,-0.018327385185270592,0.45143487252006276,-0.9992248160560517,Final_Model
2025-05-07,-0.0343434167286705,-0.01844655127742094,0.4015876398385816,-0.9992391155264232,Final_Model
2025-05-08,-0.0140466590594657,-0.018120157534843598,0.38190001611980784,-0.9992529028729502,Final_Model
2025-05-09,-0.0053046378671626,-0.016995946535531888,0.3745695369656661,-0.9992656004957784,Final_Model
2025-05-12,0.005180594967701,-0.017598355261251572,0.38169062499162565,-0.9992785247191575,Final_Model
2025-05-13,0.0253145549462114,-0.018172317609552457,0.41666750823664134,-0.9992916355971083,Final_Model
2025-05-14,0.0011827140214279,-0.018875541299309212,0.4183430207623342,-0.99930500635865,Final_Model
2025-05-15,0.0023626337228244,-0.019594843236040153,0.42169404581371994,-0.9993186246501023,Final_Model
2025-05-16,0.0064820631897308,-0.020504187293248405,0.4309095564551486,-0.9993325956978937,Final_Model
2025-05-19,-0.0266393616537525,-0.020510407433830112,0.3927910392869294,-0.999346284432053,Final_Model
2025-05-20,0.0245112598390506,-0.019490250398558416,0.4269301023523928,-0.9993590255121617,Final_Model
2025-05-21,-0.0221634754975601,-0.019777744637392604,0.3953043719921745,-0.9993717025419012,Final_Model
2025-05-22,-0.0070549566510225,-0.01934034057574712,0.3854605601327876,-0.9993838540287238,Final_Model
2025-05-23,0.0048375090053383,-0.018715878148288352,0.39216273806897095,-0.9993953857416437,Final_Model
2025-05-26,0.0081239104554498,-0.018534257274851876,0.4034725434924571,-0.9994065918178602,Final_Model
2025-05-27,-0.0020891858378029,-0.018084936999349356,0.40054042853084737,-0.9994173235674491,Final_Model
2025-05-28,0.0037385972100536,-0.018397085858367156,0.40577648506952024,-0.9994280431158064,Final_Model
2025-05-29,0.0007449344322207,-0.01882566880704163,0.4068236963772549,-0.99943881058668,Final_Model
2025-05-30,-0.0055084295664578,-0.01864888915238848,0.3990743071333369,-0.9994492761458426,Final_Model
2025-06-02,0.009580874871351,-0.018516798389258182,0.41247866300570357,-0.9994594737884182,Final_Model
2025-06-03,-0.0023725334566586,-0.01771237828540996,0.4091275101209062,-0.9994690477931508,Final_Model
2025-06-04,-0.0172413433359143,-0.018045272381913946,0.38483225891482964,-0.9994786289703452,Final_Model
2025-06-05,-0.001663697218368,-0.017488214229588732,0.3825283173377667,-0.999487746818605,Final_Model
2025-06-06,0.0245417555009774,-0.018020444761769512,0.41645798927504796,-0.9994969778487643,Final_Model
2025-06-09,0.0090197201407626,-0.018799685851842128,0.4292340439294564,-0.999506434507184,Final_Model
2025-06-10,0.0388335273328193,-0.018218731306649562,0.4847362432393869,-0.99951542664428,Final_Model
2025-06-11,-0.00620683349207,-0.019165979961224162,0.47552073259795846,-0.9995247139675054,Final_Model
2025-06-12,0.0089424950929293,-0.01972440496924943,0.4887155695087313,-0.9995340887016865,Final_Model
2025-06-13,0.0052054196265811,-0.019048995638088803,0.49646495875264907,-0.9995429638439758,Final_Model
2025-06-16,-0.0128761542435706,-0.020063812947222502,0.47719624512365155,-0.9995521337319204,Final_Model
2025-06-17,-0.030199898144931,-0.01836465235213816,0.4325850689808428,-0.999560358640234,Final_Model
2025-06-18,0.019298263460572,-0.018529542017694106,0.46023147307171697,-0.9995685049932824,Final_Model
2025-06-19,0.0078886975096132,-0.018771795718165132,0.4717507974567967,-0.9995766049294019,Final_Model
2025-06-20,0.002419257403585,-0.0205041357305005,0.47531134146977627,-0.9995852862793971,Final_Model
2025-06-23,-0.0085178872686595,-0.020207109083523356,0.46274480577696187,-0.9995936664447878,Final_Model
2025-06-24,0.0063000618916038,-0.01917085470029782,0.4719601885849787,-0.9996014562063347,Final_Model
