,linear_regression,ridge_regression,lasso_regression,random_forest,gradient_boosting,lightgbm,xgboost,svr,lstm,ensemble,Actual,Date
0,-0.01139108764790023,-0.0036800943335037898,-0.002110198058431951,-0.030726162204252557,-0.013051064704023299,-0.013086710495582961,-0.004316917,0.008213064178458459,0.01575589,-0.010266896220698167,-0.089110642960936,
1,0.010110270701100101,0.009631492421897292,-0.002110198058431951,0.0048405635279657605,-0.008039272831402662,0.0056299987384895184,-0.0003656895,0.021206269319530496,0.021897087,0.006234243950853362,-0.0533428389162331,
2,0.028267207858305558,0.02343000591864101,-0.002110198058431951,0.023169840157941515,0.0072612686889111135,0.012802656579263404,0.012888426,0.019816668873090405,0.02093953,0.0187671319157961,0.003197683856235,
3,0.02712758888660573,0.02110311247342664,-0.002110198058431951,0.016939365919155566,0.011895039686987529,0.014473033404086209,0.01701261,0.01391160085738889,0.015781628,0.01780466322329392,0.0053172658394593,
4,0.036485698978945984,0.025994471343848066,-0.002110198058431951,0.024166380520668277,0.020700572737601782,0.023467271754622595,0.020188369,0.008356161626365356,0.016752914,0.02357986636570159,0.0623630824318433,
5,0.02532103545621591,0.015870325352191895,-0.002110198058431951,0.028988966698634856,0.013274629050456893,0.019056974940026904,0.009949809,0.0029936247739593877,0.011984306,0.01777189708346794,-0.0019566578223152,
6,0.023524672635106634,0.014016989241434366,-0.002110198058431951,0.030355188403485025,0.012440741521096747,0.019056974940026904,0.0077908454,-0.0027826785245696774,0.008095404,0.01622018007607929,-0.0222531315631064,
7,0.024212531449170283,0.016037350273412163,-0.002110198058431951,0.030394854354100467,0.0126105254773721,0.01897715336929201,0.009491119,-0.0064659548511751645,0.0070652682,0.016371243763045426,0.0062567426740989,
8,0.019486016895511122,0.010498024046569823,-0.002110198058431951,0.030668041291622802,0.019690879889130666,0.020023850749197825,0.018510433,-0.005471940574391499,0.011950296,0.018872533334461344,0.0064217159776667,
9,0.024776308877872293,0.013317656903693728,-0.002110198058431951,0.028048375028717494,0.017496094234753068,0.017257415474851438,0.01359204,-0.017831415717267343,0.007537316,0.01576713282575131,-0.0068815597597049,
10,0.03229816749257842,0.018990333938532764,-0.002110198058431951,0.031126400884720976,0.01874823276094192,0.01308021262137312,0.016113747,-0.010696831753160213,0.011394998,0.018711062268477442,0.0708572224209098,
11,0.03300181037338187,0.020905945917219598,-0.002110198058431951,0.03009501140443125,0.019564142344311437,0.0162293560046206,0.018510433,-0.0001467794334070648,0.014954871,0.021233357167168312,0.087334557884781,
12,0.021765184092444448,0.012823278752283394,-0.002110198058431951,0.033356042178693666,0.018033460263018625,0.018037650905736356,0.016643798,-0.004678253681243569,0.010187219,0.018866531739449285,0.0811750156608981,
13,0.01969465788137324,0.009748828868462532,-0.002110198058431951,0.02996725712553141,0.016133078410168526,0.012244136233843106,0.014840891,-0.008888190876771304,0.009798874,0.01564471324763062,0.0776623685461515,
14,0.01512467119701243,0.006132408539660635,-0.002110198058431951,0.025572795673151127,0.012773209095780747,0.0008800760906472971,0.014840891,-0.013838386493611783,0.0062248386,0.010765852404206376,0.061923109019980306,
15,-0.0018370538306201525,-0.008367284925157946,-0.002110198058431951,0.025340963859852145,0.009417428112271755,-0.009083297377249751,0.000855516,-0.012507330379097133,0.00062931277,0.0030065304219847344,-0.0219821559509766,
16,-0.004690884084292255,-0.007843398494084742,-0.002110198058431951,0.027839418328854983,0.010000766418627228,-0.004824346029951968,0.0020548867,-0.013378756212660927,-0.00074467907,0.004152986979864838,-0.0201888723357046,
17,-0.008899064533156423,-0.010160852497438377,-0.002110198058431951,0.021934419020728225,0.008434779124173786,-0.007597532348375102,0.000855516,-0.006450944292837719,-0.0014015626,0.0021319718082601314,-0.0582453073024513,
18,-0.005929442782058615,-0.0099128358352697,-0.002110198058431951,0.020928108556114756,0.008434779124173786,-0.005090066520248126,0.000855516,-0.0041087749654817474,-0.00044814651,0.0028220717147171607,-0.0862462548994831,
19,-0.011425395152523827,-0.011253675098953217,-0.002110198058431951,0.02378475630729771,0.008434779124173786,-0.006052309597717455,0.010045892,-0.004475972723954733,-0.0017627818,0.0039835144529946674,-0.12189490469982807,
20,-0.006955640834328298,-0.004682340843555736,-0.002110198058431951,0.023987350912849103,0.005625116102649621,0.003931879947746279,0.00671437,-0.0022579214925489877,0.0017672927,0.00624400130447749,-0.0752799347213813,
21,-0.010355302459042256,-0.0075518359159816315,-0.002110198058431951,0.026342731359734164,0.005625116102649621,0.002656911285765668,0.00671437,-0.005228162913831214,0.001957274,0.005645398762335536,-0.0518090110281725,
22,-0.013198073738620466,-0.010370832113804518,-0.002110198058431951,0.02206188347908388,0.0035216086137976866,0.0036269651188296378,0.0059910314,-0.004778072331963913,0.0051285033,0.0042026789653594986,0.0047549995959257,
23,-0.006310585379445936,-0.0038954398272530314,-0.002110198058431951,0.020360539563754734,0.0035216086137976866,0.0013865321598327408,0.0059910314,0.004011694082922383,0.010811674,0.006289322263058861,0.0673040123605326,
24,0.011703681421283228,0.006301203324666012,-0.002110198058431951,0.01687487350525472,0.005087298543232793,0.0023586138708355372,0.006840872,0.01429325776199217,0.014306237,0.00998643780635659,0.1173277087315103,
25,0.0014811922325662797,-0.006036795133055723,-0.002110198058431951,0.021863295426539756,0.006279100100716746,0.004236172351372499,0.00671437,-0.0038586560495792893,0.0044214255,0.006319644226539773,0.0682738060758687,
26,-0.008165552888689049,-0.010164285257218676,-0.002110198058431951,0.023163571298167845,0.006127294090432019,0.004233801311144992,0.00671437,-0.008139446912178504,0.0061981333,0.005197113439162963,0.0379148519305694,
27,-0.00662168631037958,-0.007988992590880276,-0.002110198058431951,0.017936485861103423,0.0020053641589354515,-0.0012243803613876804,0.00022835024,-0.013981800850607242,0.0026335488,0.000998473483868795,-0.0468886515975668,
28,-0.015645638641551173,-0.017996089425223447,-0.002110198058431951,0.015106974209201622,0.001503186171153055,-0.006626743582739113,-0.00047731507,-0.018006162886957545,-0.00046143858,-0.0032482658190218384,-0.0836625392380119,
29,-0.014940663579531718,-0.014800589399663437,-0.002110198058431951,0.015386328242233183,0.001503186171153055,-0.005581156218023667,-0.00047731507,-0.012319710961270268,-0.0015085235,-0.0020570464508485146,-0.0497866134296063,
30,-0.011795100191681457,-0.012763734985668162,-0.002110198058431951,0.010419612031271303,-0.0013415290668234575,-0.003526407873196656,-0.0012282091,-0.011526984528744032,0.0007997137,-0.0026508518932845805,-0.0083941491457679,
31,-0.013053753655324192,-0.014818386567188507,-0.002110198058431951,0.011750032189816413,-0.0013415290668234575,-0.0014588173360657196,-0.0012282091,-0.014470735147474146,0.0022928233,-0.002590823800824511,0.0129246360633108,
32,-0.002586752439952427,-0.002905103928561298,-0.002110198058431951,0.017356239912559815,0.002268103301873055,0.004009527121176223,0.002861125,-0.011245960379214059,0.00409633,0.0034991666720082066,0.0505402398678442,
33,-0.002660578811866755,-0.002390722993350453,-0.002110198058431951,0.02065105067011865,0.002268103301873055,0.003633655619986618,0.002861125,-0.0030801122325091485,0.008248027,0.005406968483770664,0.0663125103004507,
34,-0.00853236150589789,-0.009217762772443471,-0.002110198058431951,0.017449271026696755,0.0021822197356147796,0.0031617942014094957,0.005257812,-0.011963324656026475,0.0058194213,0.0025893326262207274,0.0199491533464661,
35,-0.019381476935240692,-0.019191971368766828,-0.002110198058431951,0.013412789877818281,-0.0007813054508359995,-0.004145678978845421,0.0011684764,-0.011683541471137551,0.0027249693,-0.002840243871424016,0.0108836205074145,
36,-0.02123711045756805,-0.022289717068106535,-0.002110198058431951,0.014005715182013044,-0.0007813054508359995,-0.0006489438639351262,0.0011684764,-0.01698394481453382,0.0014459775,-0.003412531596127144,-0.0206148159781817,
37,-0.025545197691021773,-0.024230208539511165,-0.002110198058431951,0.014155571672505132,-0.0007813054508359995,-0.0021041720394121845,0.0011684764,-0.015634009872282983,0.0014420243,-0.003972724431796867,-0.0031032941510927,
38,-0.024973217880927292,-0.020803304573336248,-0.002110198058431951,0.013401836017000802,-0.0007813054508359995,-0.0020072825759323617,0.0011684764,-0.013063877899064416,0.00029135804,-0.0034243569827881676,-0.0213338347387147,
39,-0.02302128502364592,-0.018568334026835182,-0.002110198058431951,0.014830199452038515,-0.00019796714448052673,-0.0013376030139365545,0.0016621823,-0.014866994083774144,0.002022943,-0.0024218196930702244,-0.015181251840059898,
40,-0.02388585236573013,-0.01984512926613953,-0.002110198058431951,0.012045850442110697,-0.0007813054508359995,-0.0031818332037567973,0.0011684764,-0.013890247521579911,0.000951066,-0.0036903082851210416,-0.0125682893419641,
41,-0.015496022264560289,-0.015500766063585854,-0.002110198058431951,0.017867396974553477,-0.00036234047501440666,0.003591790749470079,0.004600606,-0.014537234876218181,0.002659115,0.000265909262043373,-0.0191556954484869,
42,-0.0170728542363865,-0.01693009806317179,-0.002110198058431951,0.014747227515824853,-0.0013855288135211851,-0.0019409843780096108,0.0041069007,-0.014597721314063646,0.0017915508,-0.001852780941437862,-0.0189829102254611,
43,-0.019274839655705606,-0.020643988371835637,-0.002110198058431951,0.017273377668210122,0.0020722975448905986,0.002755502003903502,0.008196235,-0.01347730533237516,0.0037083363,0.0002984248258993009,0.0316257070961634,
44,-0.015654771490315435,-0.018474517091261976,-0.002110198058431951,0.019275501697286986,0.0020722975448905986,0.002231498707006433,0.008196235,-0.018884466331810686,0.005414027,0.0007565261598420086,0.1071781789605728,
45,-0.016431316073143944,-0.01980015237524647,-0.002110198058431951,0.018244046727547446,0.0020722975448905986,0.003366270726626886,0.008196235,-0.013391048071110813,0.0025490667,0.0007456242898502167,0.0265520020086771,
46,-0.0099539781015376,-0.01609112751070864,-0.002110198058431951,0.02185352722054521,0.0020722975448905986,0.0035679044750508517,0.008196235,-0.018017908413380544,0.0072756982,0.002387963205014936,0.1202065465883788,
47,-0.01346119147646354,-0.016647831989223177,-0.002110198058431951,0.01944640212289192,0.0020722975448905986,0.0025990204459042992,0.006587292,-0.020140101227652134,0.0061690747,0.0009381162630880001,0.1139039488559556,
48,-0.021210315690571503,-0.023815268005724883,-0.002110198058431951,0.013985133726409716,-0.0013855288135211851,-0.0028709017194216936,0.0041069007,-0.016991631707779745,-0.00030402822,-0.003833284806619898,0.1001016962810348,
49,-0.027211408479666976,-0.032116396533713454,-0.002110198058431951,0.011154426580604062,-0.0009456787813698796,-0.006370980619480284,0.0042640516,-0.008606167314538397,-0.0020744675,-0.0056966167718901575,0.0243062686913801,
50,-0.012598935171994825,-0.021380983612650194,-0.002110198058431951,-0.0019988760336751674,-0.005828579345869596,-0.0010391622062271028,0.0017102144,-0.01414765267093201,-0.00020147135,-0.006913073547452966,0.0751909822946284,
51,-0.022284532694161596,-0.026617358756681957,-0.002110198058431951,-0.009857442089471114,-0.005928017100139913,-0.009508055401463092,-0.0005409651,-0.004838717399797782,-0.0035740118,-0.010788781883969452,-0.0021808138546477,
52,-0.028577810004603483,-0.032139738460282195,-0.002110198058431951,-0.009443421438675789,-0.005928017100139913,-0.010971770641059364,-0.0005409651,-0.0068553156910210284,-0.0031706288,-0.012229877387163178,-0.0273574857090814,
53,-0.044107857796676295,-0.03781977001353271,-0.002110198058431951,-0.009250912111125466,-0.005928017100139913,-0.01451444501972465,-0.0010710579,-0.008120810387934422,-0.0030238226,-0.014542666570023175,-0.0422837344445088,
54,-0.036635203691230585,-0.03236296978270379,-0.002110198058431951,-0.012896948979209415,-0.008322418734540399,-0.010857005162438245,-0.0010710579,-0.007655852810214065,-0.0029040824,-0.013951515759891396,-0.065492993268614,
55,-0.04288242897859436,-0.03789665090414013,-0.002110198058431951,-0.01426291416231608,-0.008322418734540399,-0.012755987145924217,-0.0055238814,-0.010737746560883363,-0.0027866364,-0.0166163379074271,-0.077864378548038,
56,-0.03654571801621655,-0.030944522448692214,-0.002110198058431951,-0.011222167873098661,-0.008322418734540399,-0.010585890088793194,-0.0055238814,-0.011832053227545856,-0.0016066192,-0.014314448235448961,-0.0660988335985891,
57,-0.035675354454991114,-0.030479699453764192,-0.002110198058431951,-0.0058222075235719465,-0.007739080428184926,-0.003232786106445055,-0.00073450385,-0.014023106401867526,-0.0011237948,-0.011353997459349684,-0.0546587826835623,
58,-0.030751086639622817,-0.026355456929252667,-0.002110198058431951,-0.010642050021789794,-0.00798017450500757,-0.0031199866787853803,-0.0012282091,-0.014090119324172319,-0.0009647746,-0.011549270149867947,-0.050508763869403,
59,-0.02957185440977391,-0.027521992961626822,-0.002110198058431951,-0.0010940779965957332,-0.0024985486298117494,0.0015916868873756401,0.0033912172,-0.015180706563731586,0.0002778619,-0.0072444994037230565,-0.0250969890944297,
60,-0.030681973515291713,-0.026039293396188653,-0.002110198058431951,0.003003845483196097,-0.0018344450567269613,0.0017120683249747608,0.0057879025,-0.01543766131389128,0.0036948002,-0.005431636599987636,-0.0149743366286948,
61,-0.023080189140331463,-0.020555279914040655,-0.002110198058431951,0.0027626678321027182,-0.002438668419412147,-0.00027119868594546894,0.0057879025,-0.016011143175422474,0.004613167,-0.00466102711867846,-0.0046074104028597,
62,-0.024591900308342005,-0.02027011250321096,-0.002110198058431951,0.00035817290701225325,-0.002438668419412147,-0.0004659119583667844,0.0057879025,-0.015624167526500197,0.0056359624,-0.005062966493200051,-0.0204814821240679,
63,-0.020670209705768692,-0.019308199757364513,-0.002110198058431951,-0.0015909005447925205,-0.0018086947892758136,0.004206239927193221,0.0057879025,-0.017853836948776784,0.004770073,-0.004595148097034502,-0.0136861369838323,
64,-0.016219077301791143,-0.016742761008892642,-0.002110198058431951,0.0018751407744637307,-0.0018086947892758136,0.004879231137223757,0.0057879025,-0.020187435683190615,0.0054008425,-0.003363901584307532,0.0214891463790616,
65,-0.02037734624750558,-0.01940272860122377,-0.002110198058431951,0.002341394686841124,-0.0018086947892758136,0.0034095120525504522,0.0057879025,-0.018299306992553797,0.006310702,-0.0038182184840887317,0.0381041874261349,
66,-0.021487652669790365,-0.019972916773305247,-0.002110198058431951,0.0015310302117538,-0.0018086947892758136,0.0030172697290050386,0.0057879025,-0.02132035804228064,0.0053750775,-0.0045758388090408044,0.015344210831986702,
67,-0.019040072815331432,-0.016714252322707686,-0.002110198058431951,0.0025611396968481187,-0.0018086947892758136,0.004188625710751293,0.0057879025,-0.008276779867247215,0.008687623,-0.0019473224972802934,0.0636346074379441,
68,-0.024507766307107454,-0.02218338716179791,-0.002110198058431951,-0.0010616265853050013,-0.0018086947892758136,0.0029486479356134717,0.0028494792,-0.01701470010500855,0.0060137915,-0.005533566013361571,0.0105108372863556,
69,-0.02977362704646129,-0.02566450364558798,-0.002110198058431951,-0.0006752037193893085,-0.0018086947892758136,-0.0004992070775196449,0.0057879025,-0.019854140339720824,0.003167052,-0.006886774649361496,-0.0531857369237517,
70,-0.03223378496350783,-0.02869599155489178,-0.002110198058431951,-0.0013775424338585054,-0.0018086947892758136,-0.0006124940500390602,0.0057879025,-0.02395443844990578,0.0024869668,-0.008100004837334928,-0.0892609914229756,
71,-0.036355375587139326,-0.03483681234177356,-0.002110198058431951,-0.0003736443747794956,-0.0026242825322348247,-0.0012934136921897697,0.004178961,-0.01934486774111804,0.0026100122,-0.009059763138394152,-0.0838332777461159,
72,-0.025025720718534452,-0.027153561248863402,-0.002110198058431951,-0.0036341580098854854,-0.0032852111327663592,-0.001680339941281713,0.004178961,-0.01704983850146264,0.0029648726,-0.007918131116290281,-0.12189490469982807,
73,-0.0229558569769831,-0.023842848875219428,-0.002110198058431951,-0.0032990850639021923,-0.0026242825322348247,-0.0009536093188249131,0.004178961,-0.016799764571787248,0.004606503,-0.006820650772486027,-0.1143230611975995,
74,-0.019256082570563892,-0.016148387980901305,-0.002110198058431951,-0.0017125740901283604,-0.002020059169549639,6.194393438856279e-05,0.004178961,-0.008879471110875718,0.008802033,-0.0036794307217775284,-0.0616311407507584,
75,-0.009458131411408182,-0.009503364482680658,-0.002110198058431951,-0.0022370742125334122,-0.002020059169549639,-0.003637570159844353,0.0015879832,0.00047818943658132243,0.009120285,-0.0022736620965341818,-0.0685107306532125,
76,-0.008677036690280226,-0.010100442536949404,-0.002110198058431951,-0.0013876527171833143,-0.0015178811817672419,0.0022468837743821178,0.0015879832,-0.005765840277475581,0.011310093,-0.0015766031294943354,-0.044397220614013,
77,0.007525072428585997,0.006744653651500548,-0.002110198058431951,-0.0011533891472423168,0.0007326339840497357,0.005494578117479923,0.0060466374,-0.00040635444494611716,0.010967026,0.003914816719938978,0.0192947054261256,
78,-0.0004540119749514784,-0.0041169460688915225,-0.002110198058431951,0.0008064159315142118,0.0007326339840497357,0.005494578117479923,0.0060466374,-0.004111195389933985,0.010405352,0.0018519320600329425,0.0376208023807387,
79,-0.0031132698308350307,-0.0042843529359882105,-0.002110198058431951,0.0026314846160162045,0.0016402438113858845,0.0021295969984862534,0.004306039,-0.005715042238286349,0.007871443,0.0010607811734169436,-0.0275244892071893,
80,0.00876701363731401,0.004973327313785278,-0.002110198058431951,0.01364698068860741,0.01881672704467473,0.029184337207229013,0.022434415,-0.006016879236970417,0.009128288,0.015554811634560475,0.0410178641960907,
81,-0.00018960124847705687,-0.004116228415785551,-0.002110198058431951,0.014789425188574146,0.01621551806094958,0.02452788369402802,0.016840575,-0.009795213538125066,0.010885344,0.011712122805313176,0.0039474506935581,
82,0.000566763032861619,0.0008587419547707173,-0.002110198058431951,0.013411197395901,0.01687962163403437,0.021679333270403212,0.01923726,-0.006925684750382942,0.0038682667,0.011870826906662685,-0.0034808771093047,
83,-0.003805836995088316,-0.004104956539791626,-0.002110198058431951,0.007410198853858651,0.0016402438113858845,-0.00021480751993112758,0.0023680404,-0.01225261489377613,0.0068617095,0.0006117140037247689,-0.050981022014903,
84,0.001960924660418259,0.00031824479975846434,-0.002110198058431951,0.015271249836782646,0.022450997162997883,0.02641063905414849,0.024967093,-0.010240840923663832,0.009780015,0.015174576003232252,-0.0157101642678785,
85,-0.01266707510062108,-0.009687623275888632,-0.002110198058431951,0.011800181960335094,0.0072116193403493935,0.0038643482604035274,0.010035871,-0.012459962642723725,0.0055226097,0.002930927119339048,-0.0232216029843624,
86,-0.009542150541043097,-0.008663558408103636,-0.002110198058431951,0.012867389963466628,0.0072116193403493935,0.0038643482604035274,0.010035871,-0.011514594562899676,0.007249097,0.0037214102039205116,-0.0060487261325012,
87,-0.0187321484752633,-0.013320917040962168,-0.002110198058431951,0.008810911030914935,0.00787572291343418,0.006295155945392598,0.0124325575,-0.01137159354074993,0.009244878,0.0028228337509705924,-0.0193433244369274,
88,-0.024235725016916624,-0.013618884064249296,-0.002110198058431951,0.010642809540997784,0.00787572291343418,0.006373321340090785,0.0124325575,-0.008104865728839837,0.01041597,0.0033248464798384266,0.0095793951755795,
89,-0.027171950654703937,-0.016975839793168253,-0.002110198058431951,0.012208729776970042,0.00787572291343418,0.008581557498630887,0.0124325575,-0.008774144507103605,0.009691038,0.003179490233525304,-0.0114105031219982,
90,-0.021162175599065858,-0.01852540705192366,-0.002110198058431951,0.006973198296035061,0.00787572291343418,0.0075110905403775055,0.0124325575,-0.012417165748069147,0.007928398,0.001499301480003937,-0.0428862711814467,
91,-0.01596611674569404,-0.015312286547392352,-0.002110198058431951,0.009790759305403799,0.00787572291343418,0.0036008953240193324,0.0124325575,-0.010571022044798433,0.0073671294,0.0023465428394745724,-0.028893557151174,
92,-0.01588896828517724,-0.018119345740503064,-0.002110198058431951,0.004665446023868997,0.007373544925651784,0.000588380442181068,0.0124325575,-0.012156023101785419,0.008146535,0.00027140630807467083,-0.0319433585926322,
93,-0.01891706774109005,-0.020705151126723685,-0.002110198058431951,0.0061655817139528845,0.006769321562966598,0.0022110153310078234,0.0124325575,-0.012065423187817453,0.007475357,9.665046892559111e-05,-0.0483621288028671,
94,-0.011686673526676837,-0.013244492177090707,-0.002110198058431951,0.005320929563207396,0.006769321562966598,2.7511875496416373e-05,0.0124325575,-0.0099025314873884,0.009047915,0.0014543581010474824,0.0149589498927282,
95,-0.003360130266747397,-0.008691149811472568,-0.002110198058431951,0.007693935847260078,0.00870642697360696,0.011242829757830933,0.015629718,-0.006036973126954333,0.009624173,0.00602176222008555,0.0329831177096056,
96,-0.004261304462614609,-0.01073289419507589,-0.002110198058431951,0.001460405212834544,0.007271499550748995,0.002554446518475019,0.0124325575,-0.010529704979620434,0.007284523,0.0016706805577348795,0.0171161923496401,
97,-0.0031559260013672335,-0.008806481583557294,-0.002110198058431951,0.0050290356133446765,0.007271499550748995,0.002100471447074709,0.0124325575,-0.006697283370020976,0.011254925,0.0034408236438455584,0.0922998472846834,
98,0.006191474005856247,-0.004235745862250577,-0.002110198058431951,0.007502213179545682,0.0029731258593410585,0.0077572038377405885,0.007503195,-0.006969612837511644,0.014273589,0.004612503481796201,0.06011459074804349,
99,-0.019281860975391894,-0.022647236900732632,-0.002110198058431951,0.0062118882572281715,0.007271499550748995,0.000923341431952311,0.0124325575,-0.013445380205124022,0.005118529,-0.000670034838121643,-0.0658151660156258,
100,-0.020058455379772827,-0.02207200256955943,-0.002110198058431951,0.004086910221141953,0.006769321562966598,0.0017219889357435222,0.0124325575,-0.011529212859242298,0.0010214701,-0.0012463025872132593,-0.0796131011256128,
101,-0.0193928603456991,-0.02881735339310524,-0.002110198058431951,0.0056550536489225435,0.007684543074681895,0.004734688631149279,0.013231945,-0.016135090147466405,0.004109091,-0.0013081650187149855,-0.0889967470235143,
102,-0.013759643210158195,-0.029390041668539896,-0.002110198058431951,-0.00016252125021270743,0.000667476094693014,-0.008311465028568056,-0.0015528167,-0.009446210525282881,-0.0021755232,-0.007813546697692856,-0.12189490469982807,
103,-0.008667827481367239,-0.02874803134990932,-0.002110198058431951,0.004604204809055484,0.004443847868117977,0.0008559149927935226,0.010035871,-0.01377565818041915,0.0023656655,-0.002619450389158798,-0.0992918027500636,
104,-0.004203703260335756,-0.019070955054639915,-0.002110198058431951,0.0034303423397982497,0.005599817176493966,-0.000733739196990802,0.010035871,-0.007507324614945676,0.0083900755,4.2564947496128324e-05,-0.0159692150998199,
105,-0.009055674390524227,-0.023086653399424516,-0.002110198058431951,0.005445340230591995,0.0024110676611590613,0.0021799125730799698,0.00510651,-0.007297837242063124,0.012045495,-0.0009530044209994397,0.0035842127054576995,
106,-0.007898727203806086,-0.021451636780047488,-0.002110198058431951,0.004406304904167482,0.002913245648941459,0.005813985281450941,0.00510651,-0.006721090631369073,0.013546559,-4.38411795909107e-06,0.0351758199999012,
107,0.0054686922080710776,-0.01042180997948789,-0.002110198058431951,0.011900414846252417,0.018152623471589944,0.027939154568523156,0.020037733,-0.005578814387239089,0.012731937,0.01245638259754223,0.0367193976582815,
108,-0.0029711429445086774,-0.021085291988544648,-0.002110198058431951,0.016053679565061235,0.01677374740058186,0.02747663399786113,0.016840575,-0.00890913923780325,0.013180427,0.010152611210778763,-0.0113768656965899,
109,-0.012685698868771102,-0.027115233590639238,-0.002110198058431951,0.018586825951078495,0.01621551806094958,0.028344701750766643,0.016840575,-0.010864518523493185,0.0119354725,0.008967552314431885,-0.0218397430531104,
110,-0.015809107846357275,-0.02738230394473148,-0.002110198058431951,0.01763468322302625,0.01621551806094958,0.022753754665763477,0.016840575,-0.012162549586052496,0.012884606,0.007707360952281113,-0.0216248133990468,
111,-0.017655177670018864,-0.027499333068644678,-0.002110198058431951,0.017466944054084558,0.012048340424542532,0.008466538223398894,0.012667218,-0.012980326231239903,0.013663596,0.003957554937337935,-0.032129705364124,
112,-0.024881716858601334,-0.03261272840455113,-0.002110198058431951,0.012648662562332358,0.007116654430261975,0.0019178028312539007,0.010035871,-0.013396733904365743,0.012407834,-0.0006650041039823115,-0.0565100290004184,
113,-0.02031977194556561,-0.02701215961712562,-0.002110198058431951,0.01699049321543009,0.012212713755076411,0.012148049608407437,0.012667218,-0.009131825786592506,0.014516153,0.004857318343169097,-0.0096778955245305,
114,-0.016976385870551523,-0.02537544399626594,-0.002110198058431951,0.019539087032532456,0.014209699376116368,0.016362300875131488,0.018261064,-0.0062912274833587505,0.014915724,0.007974342102004182,-0.0153802057860428,
115,-0.014722183370679764,-0.023274440747726603,-0.002110198058431951,0.018667774724145027,0.013382218141549048,0.013249525868373963,0.015063907,-0.0073907562871661095,0.014083951,0.006922824286131001,-0.0431985765328896,
116,-0.014096400782359512,-0.02447523768899825,-0.002110198058431951,0.017837197164573652,0.013382218141549048,0.012123765291049226,0.015063907,-0.008642987696210531,0.011989257,0.006104321717264429,-0.0489206377220345,
117,-0.008402566169428699,-0.018990797059076695,-0.002110198058431951,0.019731125760113807,0.014209699376116368,0.015365680373882903,0.018261064,-0.0039123577537371135,0.01635669,0.009631628172841092,-0.0257297273166845,
118,-0.015982960484067114,-0.027433236087893935,-0.002110198058431951,0.016246863256036602,0.013382218141549048,0.012252905367125378,0.015063907,-0.008231055641907238,0.014065958,0.005516461512893507,-0.0419318980936155,
119,-0.01351638993829099,-0.023788920526628968,-0.002110198058431951,0.021252200275133033,0.01283082330510829,0.014063897870591145,0.015063907,-0.00641181557866265,0.015265445,0.007650747268702557,-0.0529062839994414,
120,-0.003866230715881714,-0.01784196694243732,-0.002110198058431951,0.01918383391238306,0.015319323552189403,0.018469693688415133,0.018261064,-0.0038887960441312034,0.016910845,0.01066660970520579,-0.0258965355452591,
121,-0.0003374861536949239,-0.01774448799024638,-0.002110198058431951,0.019922426379553108,0.015319323552189403,0.018469693688415133,0.018261064,-0.004404683799906616,0.016378678,0.010900581881823072,-0.0187152620846247,
122,-0.001168951512068243,-0.017846039926089727,-0.002110198058431951,0.018631572116560344,0.015319323552189403,0.018427733731698565,0.018261064,-0.004789899017370483,0.017350728,0.010637994354022124,0.0089442308427236,
123,-0.004259025175090439,-0.019142400426941653,-0.002110198058431951,0.015253494311810199,0.015319323552189403,0.01725575085793665,0.018261064,-0.00527293648524903,0.01694541,0.009348788153244688,0.0176279797353977,
124,-0.004634984817532981,-0.016981504753439444,-0.002110198058431951,0.01759652268812288,0.015005913797012788,0.017645114104349116,0.016999565,-0.003189021779101779,0.022131117,0.010656190103049855,0.0554526363707235,
125,-0.007949666743894811,-0.01915876709848972,-0.002110198058431951,0.016255353907113794,0.015005913797012788,0.015658569071662933,0.016999565,-0.006053579042728377,0.018695293,0.008967613221494983,0.0208826399205277,
126,-0.013507831150377101,-0.023267573859164704,-0.002110198058431951,0.01120395011550306,0.012522227047459547,0.015658569071662933,0.016999565,-0.00855984485235677,0.01790146,0.006236355873861807,0.0271647036483186,
127,-0.011695693044123753,-0.02216931341974581,-0.002110198058431951,0.008500962095016383,0.008914006614484929,0.008094667277889538,0.013802407,-0.012161137809898533,0.015160204,0.002981046533227312,0.0423950678189126,
128,-0.010349520254115181,-0.02165294414374233,-0.002110198058431951,0.006313392854130663,0.008914006614484929,0.008372353468263692,0.013454962,-0.012705743856772221,0.013837863,0.002491138012254182,0.0577266553737065,
129,-0.014902988830828967,-0.02378238568900567,-0.002110198058431951,-0.0067641572481914,0.0004816633630276056,-0.002677372943063504,0.0023851574,-0.013316744086942231,0.011780886,-0.00594265774372808,0.0459221518300216,
130,-0.01087477301514268,-0.019767096955679984,-0.002110198058431951,-0.004937481627489772,0.0004816633630276056,0.001180175009961081,0.0023851574,-0.010167658889349859,0.015823586,-0.0034758078348442988,0.0655689271737651,
131,-0.015759393943981164,-0.024621057177768968,-0.002110198058431951,0.0008175104631375908,0.0070734535580482625,0.0009261116920739435,0.010823615,-0.010688481181071479,0.012271188,-0.0011584391989773188,0.015517223840472301,
132,-0.02538600192694715,-0.03146575034047709,-0.002110198058431951,0.009003610093069745,0.006974015803777946,-0.001358049192418386,0.009342024,-0.009774186068526878,0.008871029,-0.0018625903898258369,-0.0515406759206993,
133,-0.03596070427858444,-0.03659658283025721,-0.002110198058431951,0.005838661891515224,0.000819275001287001,-0.010786337717708785,0.005746395,-0.0064640233911898715,0.006300763,-0.006904486301560785,-0.0903663169415706,
134,-0.026729196886033903,-0.02838840030315948,-0.002110198058431951,0.008164575475200303,0.0017834492466581781,-0.00714454467629862,0.0049440246,-0.0020190730411223665,0.009364211,-0.0033769127387005293,-0.0732347645516386,
135,-0.023284292602718953,-0.03068860731719257,-0.002110198058431951,0.011343779028956254,0.0017834492466581781,-0.00275275017574312,0.0049440246,-0.005466191152284869,0.010201428,-0.0025160787499382115,-0.0623174952103238,
136,-0.01900616345003442,-0.025701102537718665,-0.002110198058431951,0.013677186730013974,0.0006880516811152131,-0.002320159700441966,0.010021244,-0.008616416746879468,0.012577022,-0.0005574360213133698,-0.0396026103540788,
137,-0.016440342631830012,-0.021081785347376807,-0.002110198058431951,0.010999142904626974,0.001292275043800399,0.002772354523455518,0.0026970953,-0.006538544337532553,0.01723554,0.00018788206045412746,0.0200141116378171,
138,-0.018634982831514338,-0.02265740690973061,-0.002110198058431951,0.00853559346935812,0.001292275043800399,-0.00046447387701468496,0.0030445417,-0.0031422575236011137,0.021802364,-0.00028799912254161357,0.0348216615668346,
139,-0.02254475869122111,-0.026692293444113897,-0.002110198058431951,0.0083511497415625,0.0017944530315827918,1.4160478579472536e-05,0.0030445417,-0.008301260675862735,0.01711007,-0.0019385087225376198,0.0630141380482933,
140,-0.025360446960508758,-0.028457176355652907,-0.002110198058431951,0.007011647961637711,0.0017944530315827918,0.0011042447086540602,0.0030445417,-0.010970425096720523,0.018189114,-0.002607425467097279,0.0745889752078661,
141,-0.025772849893291132,-0.029007950435769092,-0.002110198058431951,0.008240931685265681,0.00235594387784401,0.0011042447086540602,0.0030445417,-0.012089796625812858,0.020699935,-0.002213361651346654,0.0446879046482533,
142,-0.03155222149861838,-0.03330624088020869,-0.002110198058431951,0.010677561582830944,0.0017944530315827918,0.0007956285135310332,0.0059829657,-0.017785652178156846,0.018403698,-0.003176784176536816,0.0459973651312435,
143,-0.024909700483051845,-0.026759935949220666,-0.002110198058431951,0.014028378045153278,0.0011902296688976063,0.0010576274390279423,0.0056355186,-0.016966260877613923,0.019243829,-0.0011602588997488043,0.0568333378920256,
144,-0.034976580573127455,-0.029806990276168628,-0.002110198058431951,0.00648512980195253,0.0018595907762639532,-0.0038370254221997586,0.007244461,-0.01192571355992581,0.010344751,-0.004374147979953974,0.0075476920139152005,
145,-0.04356317792108471,-0.03958087329099695,-0.002110198058431951,-0.0015643334617697576,-0.004542388574394659,-0.00770426559188612,0.0016985696,-0.013677707824248934,0.007949112,-0.010986581784816447,-0.0077128628194602,
146,-0.03321824085368561,-0.03505236535127435,-0.002110198058431951,-0.0018603343300398415,-0.0009851244617125575,0.0004655578263070555,0.0057879025,-0.015056492766179527,0.010605287,-0.007171193697695137,0.0585991532571099,
147,-0.033096218503261506,-0.03138022124311942,-0.002110198058431951,-0.004553222529682658,-0.0038596125137688683,-0.0016081920748183228,0.0021922742,-0.010235301237055149,0.0111257415,-0.008043988348671071,-0.0052794199914968,
148,-0.029026820492441298,-0.029329842493659428,-0.002110198058431951,-0.004505651079124208,-0.004542388574394659,-0.005763615729521714,0.0016985696,-0.00920697795450635,0.009942392,-0.008372874418988381,-0.0227667513452782,
149,-0.022313667759069247,-0.023589079539498053,-0.002110198058431951,-0.004710785179098626,-0.003959050268039184,-0.01095638842195546,0.0021922742,-0.00777706767790181,0.0091106435,-0.0077455054848268,-0.0256668893914473,
150,-0.025980088545811898,-0.02846972001474231,-0.002110198058431951,-0.008433520490998627,-0.004542388574394659,-0.006130873264929685,0.0016985696,-0.007661254149599005,0.009797433,-0.008792105441841202,-0.0504225180182658,
151,-0.034536681570832374,-0.0351202299474468,-0.002110198058431951,-0.010547379097807084,-0.004542388574394659,-0.006465801013891907,-0.0010827025,-0.007074731035175947,0.0058456114,-0.011444243220191849,-0.0809256833198194,
152,-0.018928520939753626,-0.02698986741005888,-0.002110198058431951,-0.007895358061238169,-0.001149497792246438,-0.00037396209144535664,0.0028494792,-0.01045493324683939,0.009362303,-0.006718046309586594,-0.0302900845040056,
153,-0.010978217441317563,-0.020007507715467176,-0.002110198058431951,-0.002789737434213679,-0.001149497792246438,0.0009101965308178524,0.0028494792,-0.012223967906128853,0.010184827,-0.004154080325505631,-0.0239207705789985,
154,-0.0014808804749539626,-0.01523742906012722,-0.002110198058431951,-0.000607134002261408,-0.001149497792246438,0.0005845358655081661,0.0028494792,-0.012815081525833842,0.012023123,-0.0024513118125395923,-0.0170092133238837,
155,-0.00030753749019779206,-0.010580793876645105,-0.002110198058431951,0.0008271878576891603,-0.001149497792246438,0.0013994294070263148,0.0057879025,-0.01150085828733764,0.014011295,-0.0005140480698548049,-0.004765943787085,
156,-0.0010718125668326066,-0.009137106211864907,-0.002110198058431951,0.004059553668345161,-0.0017537211549316235,0.0013034467364185208,0.0057879025,-0.010706227561595212,0.016576411,0.0005114970389567873,0.0029539675254173,
157,-0.0024201391006751986,-0.012549808978045468,-0.002110198058431951,0.0033905970612738787,-0.0012515431671492265,0.001713662341510287,0.0057879025,-0.016232715315890385,0.013985074,-0.0008514303708574134,-0.0208855468463512,
158,-0.003322563904222546,-0.01277307002400492,-0.002110198058431951,0.004941223953329998,-0.0012515431671492265,0.002493075089681658,0.0057879025,-0.016476035923878543,0.01564497,-0.00036134612883992323,-0.027930638599228,
159,-0.00544260009758671,-0.013148108279436493,-0.002110198058431951,0.0030996053551099042,-0.0012515431671492265,0.002429245387563708,0.0057879025,-0.01775618817161292,0.01611033,-0.0009829808476116012,-0.025283210972094,
160,-0.009039572716771145,-0.014231349555794706,-0.002110198058431951,0.0029380923376269353,-0.0012515431671492265,0.002805429702521803,0.0057879025,-0.013760550105293508,0.019812044,-0.0005314556406874787,-0.0598312652995102,
161,-0.010740778144937556,-0.017168544889364517,-0.002110198058431951,0.0008451171422415797,-0.0012515431671492265,0.002260000993697364,0.0057879025,-0.015301910803444538,0.017420048,-0.0019508402251165997,-0.0715684823290192,
162,-0.0030805098573390925,-0.007208427665725543,-0.002110198058431951,0.00195468361581534,-0.0012515431671492265,0.002002311099961049,0.0057879025,-0.012145842573821257,0.0235958,0.001042632608615411,-0.0390687867985061,
163,-0.007308380791667455,-0.011519258458266117,-0.002110198058431951,0.004206363443545171,-0.0014320710571129479,0.002002311099961049,0.0057879025,-0.009471143550598537,0.02396115,0.0009028497101360913,-0.037605963923471,
164,0.0016162236062567854,-0.005721317742208342,-0.002110198058431951,0.005606202933843399,0.0012916901790510197,0.012813031177667682,0.009000001,-0.012284113730937617,0.026935516,0.005163053546009546,-0.0638903564849339,
165,0.013457206971673205,0.005657941064917862,-0.002110198058431951,0.0064505991053075305,0.0001916245983508042,0.0038214991376341995,0.0101318965,-0.0013291785488333885,0.032973662,0.00793122065970884,-0.015312727961088199,
166,0.01319648136668937,0.003963146448786479,-0.002110198058431951,0.003596879408806053,0.0003721524883145257,0.004321682711203792,0.0101318965,-0.000567015751137597,0.029301595,0.006913363813425028,0.0165958574049573,
167,0.013803493627032778,0.0017670698638815854,-0.002110198058431951,0.007278251734032018,0.0012797623156506708,0.0065838533557894255,0.0083912965,-0.008059617845899982,0.025350265,0.00646594168742736,-0.013854070011566,
168,0.021493724916244853,0.00680667211556256,-0.002110198058431951,0.008198569636176163,0.0012797623156506708,0.009302270592999116,0.0083912965,-0.006556875480471444,0.024225727,0.008236040083469781,-0.0347648406930984,
169,0.02277622687172156,0.0077253944150633405,-0.002110198058431951,0.010228699673725198,0.0032168677262910342,0.008394399609303178,0.009180123,-0.0037245214401150093,0.029247474,0.009998974132022487,0.0286018353742936,
170,0.020641704468792987,0.006362820367834263,-0.002110198058431951,0.013344564232496952,0.0032168677262910342,0.0079001804231159,0.006241699,-0.006147602780414442,0.026462598,0.009275342600102184,0.0595352516426748,
171,0.020186555051055592,0.0039023892182474566,-0.002110198058431951,0.010869416412783625,0.001444135646184551,0.006296860882516586,0.0054528746,-0.011162290213193236,0.020876944,0.006615088519643791,0.0417704179903613,
172,0.022275301052130398,0.006627069899629659,-0.002110198058431951,0.01037327052697596,0.001444135646184551,0.01018711594618541,0.0054528746,-0.010797089915146186,0.02391173,0.00795253568656913,0.0372245952547276,
173,0.023342197558846044,0.008734042338412903,-0.002110198058431951,0.017770670436586977,0.008917150413790648,0.013222006390608354,0.01128138,-0.006827878965924272,0.027742682,0.013405535371387165,0.0562981119478849,
174,0.019451774064267454,0.003762042121433184,-0.002110198058431951,0.01488217746058669,0.00971308668493408,0.0067662762705351905,0.013579392,-0.012167127452605023,0.02013201,0.010128052876075506,0.0,
175,0.017024650033797016,0.0009147397095409209,-0.002110198058431951,0.011984539117522699,0.009512469377809942,0.004275533674390087,0.017779313,-0.013084662264605022,0.012604788,0.00837185103962466,-0.0209988371361243,
176,0.012044316582895882,-0.0018881669876522832,-0.002110198058431951,0.011070929969105305,0.005730038639592913,0.005136065754674535,0.017779313,-0.011499954768567066,0.0116683515,0.0069570972697178025,-0.030441212063074097,
177,0.014597386406971013,-0.001876613309205402,-0.002110198058431951,0.0148888373471475,0.005730038639592913,0.0052329552181543575,0.017779313,-0.009678041110582621,0.015462273,0.00842618212052819,-0.0094889519915521,
178,0.013724459802999755,-0.0016611888092882138,-0.002110198058431951,0.01652556355738976,0.009109729144297864,0.006212449248870739,0.017779313,-0.010209323348871905,0.016772768,0.00964297812784747,0.0199669509174647,
179,0.0175648750877446,0.0027933118760936505,-0.002110198058431951,0.017461167851488147,0.009109729144297864,0.008456474129991688,0.017779313,-0.010207280481934046,0.018872058,0.011237031864634818,0.0140294409622558,
180,0.012840844357644647,-0.0016973119516589372,-0.002110198058431951,0.014923263191179294,0.0018595907762639532,0.006905357603601603,0.009652796,-0.011476212433744836,0.017010557,0.006604940087142688,0.0417894402585541,
181,0.015241146760828944,-0.0014450216827999233,-0.002110198058431951,0.013848658645291344,0.002167175645238227,0.007135035598303495,0.009652796,-0.011834665969156383,0.017807616,0.00668770719930184,0.0765121972946631,
182,0.0013191032034212836,-0.010541126385140693,-0.002110198058431951,0.011912758187235402,0.002167175645238227,0.007030179658528683,0.009652796,-0.011990429324024473,0.017033253,0.004131268078352296,0.0848529591279871,
183,0.002056086704723059,-0.008231321644599072,-0.002110198058431951,0.009449042362181899,0.0015629522825530418,0.0030722098698712013,0.009652796,-0.008764193315753456,0.015628172,0.003489420312013067,0.0595272634077421,
184,0.00026850333498690363,-0.010626981962706254,-0.002110198058431951,0.005977136330289093,-0.00039967312470409256,0.006048552351892705,0.008978826,-0.011045532028552942,0.016790632,0.0021872537826541296,0.0680017488362343,
185,-0.007655686853440857,-0.013818281992658069,-0.002110198058431951,-0.0015251585243259546,-0.00472764696125825,-0.0066251984519181935,0.0021922742,-0.005835535702641731,0.014005095,-0.0037303039822355493,0.031087334816321803,
186,-0.01321574222353216,-0.022632480147015865,-0.002110198058431951,-0.0026573397198457163,-0.005310985267613724,-0.010937937390692877,0.001855721,-0.005479715284302835,0.0101735685,-0.006718504783907122,0.0005778194729393,
187,-0.005151870250334676,-0.017010968036885135,-0.002110198058431951,-0.0019053895581624316,-0.005310985267613724,-0.00540361121956204,0.001855721,-0.004190774239849441,0.008220714,-0.004557936802922729,-0.0187590187590187,
188,-0.0024712038153572027,-0.014876680523905018,-0.002110198058431951,-0.003606964144657903,-0.005310985267613724,-0.00540361121956204,0.001855721,-0.003975937486605796,0.012250208,-0.0040196422091861835,-0.0269733096840885,
189,-0.013905465754340925,-0.021131424148940803,-0.002110198058431951,-0.001384437255219942,-0.005310985267613724,-0.007493455877087314,0.001855721,-0.006060765145451555,0.012924754,-0.005539566332413177,0.0011538840430611,
190,-0.016464416010642073,-0.022662467001000424,-0.002110198058431951,-0.0027651130707611734,-0.005310985267613724,-0.00722689060642663,0.001855721,-0.006612407222304116,0.011904268,-0.006290533419273388,0.0199085687745894,
191,-0.013180066777213839,-0.0186446306204954,-0.002110198058431951,-0.0024418755505470394,-0.005310985267613724,-0.007582814222035346,-0.0012348123,-0.007187882207317743,0.011736715,-0.006050264367945795,0.018237921655603,
192,-0.011582542319579026,-0.018433484529515435,-0.002110198058431951,-0.004310709045691534,-0.005310985267613724,-0.007646643924153296,-0.0012348123,-0.007754098022529842,0.011489011,-0.0064034493148287,0.0269709729345979,
193,-0.019107390053300467,-0.021602908734695923,-0.002110198058431951,-0.003549181477580642,-0.0060864481147812404,-0.00597811735531865,8.9627036e-05,-0.009078712033228105,0.0141440425,-0.006675905859677948,0.0810313855224529,
194,-0.02102595681094632,-0.02568467732310656,-0.002110198058431951,-0.0016897590094877375,-0.002728059510639772,-0.002166831832088452,0.0026973702,-0.009450866591939713,0.013707812,-0.005458521338781033,0.0659593508126852,
195,-0.025047461638977715,-0.02936799095521172,-0.002110198058431951,-0.003267584665835826,-0.005666412525886991,-0.008422623592198834,-0.0012348123,-0.007736284827896606,0.0117416335,-0.00866868521091128,0.050829053794267,
196,-0.0192638580899594,-0.024716684422131804,-0.002110198058431951,-0.0024490226409488902,-0.008444496381437013,-0.007327542472158593,-0.0015977222,-0.006656369878255335,0.012873746,-0.00774268499371065,0.0895833724584334,
197,-0.025317987357220115,-0.029240607061001792,-0.002110198058431951,-0.0023384301056742817,-0.008444496381437013,-0.00838683996913721,-0.003858803,-0.005555037231428609,0.014098563,-0.008967303158529158,0.0421621433096042,
198,-0.023995083069802078,-0.02989038715863147,-0.002110198058431951,-0.011914181887355152,-0.008444496381437013,-0.010445511739351923,-0.003858803,-0.004344868457680178,0.011310229,-0.011380392600145036,-0.0036697621010129,
199,-0.02433357471898554,-0.029377945270959657,-0.002110198058431951,-0.011542536225283104,-0.008923554725150638,-0.007560736843636453,-0.0067972275,-0.004108062105212222,0.010167906,-0.011440532528692664,0.0140318048915288,
200,-0.027534702933809458,-0.03253683652532262,-0.002110198058431951,-0.012088439561095588,-0.008923554725150638,-0.007796685841384728,-0.0067972275,-0.005280908056059683,0.0093833,-0.012414740785708865,0.0207212517130537,
201,-0.033663981830920904,-0.035311963759442226,-0.002110198058431951,-0.017345178017379656,-0.008539872504001105,-0.008241134214326913,-0.0072971336,-0.0054116662703997415,0.009480454,-0.014257098720592904,-0.0182504342849351,
202,-0.026467459009048903,-0.03281516198109127,-0.002110198058431951,-0.00914114967396562,-0.00519252913654039,-0.007009845673441365,-0.0044221412,-0.01025326539760437,0.008792204,-0.011149520760294938,0.0413316383267414,
203,-0.020236743960480672,-0.028015898938786372,-0.002110198058431951,-0.007053902427566119,-0.0048849442675661155,-0.0064858091602905685,-0.0044221412,-0.011587282972217278,0.009184811,-0.009654664682104743,0.0357934347673016,
204,-0.03161251490449774,-0.03152827060830949,-0.002110198058431951,-0.012571503417802912,-0.005759844869003947,-0.0074589453305259545,-0.0044221412,-0.010853247843122403,0.010157919,-0.012004065430567873,-0.0066594203371178,
205,-0.02831644447025019,-0.022804518228960523,-0.002110198058431951,-0.01479715938684822,-0.008539872504001105,-0.01421508761338654,-0.008099505,-0.005941686691986686,0.011436976,-0.012477799939005331,-0.0362804691965986,
206,-0.041137561808073445,-0.03841730538823261,-0.002110198058431951,-0.01088205899926133,-0.007956534197645632,-0.002586990686089844,-0.0076057985,-0.012012099021245146,0.008712889,-0.013622265569580745,-0.0108932466012269,
207,-0.046966259558292804,-0.0423868159480343,-0.002110198058431951,-0.016364757551261124,-0.007935649141315919,-0.009378152817194915,-0.008099505,-0.010350153170269646,0.0077018305,-0.01662913127461033,-0.1084026870871003,
208,-0.04285178822918764,-0.04085034006126731,-0.002110198058431951,-0.0125398795301611,-0.008539872504001105,-0.007887459361507386,-0.008099505,-0.012363149245874087,0.010228949,-0.015273789197317488,-0.091510756238759,
209,-0.042486529790387056,-0.038087055147187424,-0.002110198058431951,-0.005974130199009852,-0.004477822782904133,0.0002767461220839762,-0.0010205451,-0.013673599450575917,0.009128465,-0.010670092229848967,-0.0262403318044629,
210,-0.03503430485026173,-0.030455582986496435,-0.002110198058431951,-0.003322493132048864,-0.0032579837636296624,-0.0004610832980462324,-0.00039457117,-0.01408051133477132,0.0104288785,-0.008305893091885175,-0.0232280764637123,
211,-0.040958328220355604,-0.03700238192967331,-0.002110198058431951,-0.008935207573256186,-0.003862207126314848,-0.0002639441095499919,-0.00039457117,-0.01455901403630722,0.008915666,-0.010997102334178667,-0.0124481888260924,
212,-0.03197562020392751,-0.024947406592002855,-0.002110198058431951,0.0014188071574720296,-0.0017973354783648065,-0.0015884185956577886,0.00045942407,-0.0006289600176001948,0.012870714,-0.004538004945154135,0.0661979061982644,
213,-0.03333857547977441,-0.026894253874519818,-0.002110198058431951,0.0020151673141433945,-0.0012951574905824103,2.638835897979617e-05,0.000518231,-0.005385974318821759,0.016761454,-0.004514057671343285,0.0755183950342206,
214,-0.039221516471214274,-0.033934841929926386,-0.002110198058431951,0.00018078059833160292,-0.0012951574905824103,0.00025667166711792615,0.000518231,-0.010107323424040159,0.008685438,-0.007476364157268445,0.00015079273897050001,
215,-0.03904499849402516,-0.03467576312098427,-0.002110198058431951,0.0008340489035277098,-0.0012951574905824103,0.0003615276068927372,0.000518231,-0.011564145537452858,0.007824976,-0.007664022832016935,-0.0016352558363789,
216,-0.039885782125002225,-0.03486030819073866,-0.002110198058431951,-0.005068203681402614,-0.0008142867416612702,0.0011394639556886357,0.00019966261,-0.01699384373813924,0.005979803,-0.009476602136235145,-0.0774138331645123,
217,-0.04068074165944161,-0.03466263662785732,-0.002110198058431951,-0.002785393296575203,-0.0013164647294436672,0.0007243426235373033,0.00014085573,-0.016715376056967744,0.0066117216,-0.009110623492825789,-0.0881082019832298,
218,-0.04061062466805134,-0.033830668592582054,-0.002110198058431951,-0.005467023353039314,-0.0014969926194073882,-0.0003380076526803976,0.00014085573,-0.01902159517509294,0.0057182233,-0.010034078295454725,-0.1122407054084072,
219,-0.025107597811224895,-0.0237956550611136,-0.002110198058431951,0.0023540587654919346,0.001135931792495991,0.00462002789503118,0.0041102655,-0.016380619016780715,0.010409158,-0.0035905657458773846,-0.0921538941775903,
220,-0.025623293951052038,-0.02373331474336275,-0.002110198058431951,-0.0002965683722514741,0.001135931792495991,0.00462002789503118,0.0041102655,-0.016330899749609957,0.0116390325,-0.004009165498687426,-0.1039030221548589,
221,-0.020088373228228647,-0.0161530737803363,-0.002110198058431951,0.004798177578433104,0.0011341193872884772,0.008069419400975338,0.0050395415,-0.006165892378997022,0.016945979,0.0006271989216218492,-0.0567072672486761,
222,-0.016831333396463855,-0.015015479761687198,-0.002110198058431951,0.009917802691942864,0.001636297375070874,0.009351975957776709,0.005098348,-0.00267910440973911,0.019023553,0.0028426912167748477,-0.055438550523589,
223,-0.013070471792165911,-0.011549754870393461,-0.002110198058431951,0.01242493236075727,0.001547360511997343,0.009642177408269862,0.005098348,-0.00048113341694932946,0.020619392,0.0044571427527300995,-0.0301132252977182,
224,-0.018431494610976543,-0.012506475161049944,-0.002110198058431951,0.011543127274740913,0.014746779504919521,0.02590763729269576,0.017821914,-0.001152130776077534,0.024417114,0.011170132631387731,-0.0392053529142621,
225,-0.025396105651851596,-0.018770452343815445,-0.002110198058431951,0.010523262689741929,0.017288108278245066,0.026319520828926,0.021019075,0.0014506787001448702,0.021973252,0.010743849998858796,0.015557359050447602,
226,-0.019595495812269256,-0.013384391390142029,-0.002110198058431951,0.01143081092971219,0.014746779504919521,0.025521256327047794,0.017821914,-0.0017084448538594525,0.02775479,0.011177960711010303,0.0125947826184709,
227,-0.016529255011906187,-0.010292258134217925,-0.002110198058431951,0.01709122342700289,0.018969168594576886,0.028037289384242617,0.023601515,0.00016475155129701068,0.02926896,0.015354735284637242,0.0322142338096929,
228,-0.016542191743902073,-0.010746363965862146,-0.002110198058431951,0.014946854853667814,0.017032063183936522,0.025553581133606524,0.020404356,-0.0030104602229827594,0.027094245,0.013082554950630994,0.0520044495602713,
229,-0.013799639857897146,-0.008018375300056503,-0.002110198058431951,0.021279181104904673,0.018969168594576886,0.028066534306944512,0.023601515,-0.0015892396063134618,0.030291826,0.016601164171482094,0.0772392316974539,
230,-0.012153012137444128,-0.005992441880693295,-0.002110198058431951,0.020728433796892147,0.017032063183936522,0.0230306238253108,0.01979365,-0.007154944620303167,0.023378916,0.013915387337320468,0.0449533314892214,
231,-0.009940380288801837,-0.006495778455537652,-0.002110198058431951,0.01982155582539226,0.01759149474289603,0.026451725409139006,0.01979365,-0.006802145607071261,0.02343205,0.014434787599071366,0.0520017078364825,
232,-0.011448159827252833,-0.006518143633543454,-0.002110198058431951,0.01986265626907651,0.018164586282737167,0.02388338666316801,0.01979365,-0.008149680867690133,0.023807243,0.013996397344693129,0.0568884327107763,
233,-0.013247550802067836,-0.010467523081777029,-0.002110198058431951,0.01864525387284748,0.018164586282737167,0.027506736807543675,0.0220009,-0.01144039563096707,0.01965138,0.01320047236008841,0.0181247495158867,
234,-0.011876447040938966,-0.011663075904133346,-0.002110198058431951,0.021939103687081067,0.01816639868794468,0.02224212818396134,0.021682333,-0.012129399935559167,0.01836681,0.0127139935958783,0.0501561987607657,
235,-0.01784295167329043,-0.016211656311065113,-0.002110198058431951,0.023994804880579045,0.01739507865479488,0.02417344427760382,0.021623528,-0.010503800132059482,0.016862504,0.012283263534091732,0.0732818246354605,
236,-0.016452115810900756,-0.015652424178487768,-0.002110198058431951,0.02153688613181521,0.00366899424492505,0.006522233789875534,0.0081804795,-0.006722746291242143,0.01907883,0.0051354885554220665,0.0187228220813679,
237,-0.016092027329009367,-0.014428255984815442,-0.002110198058431951,0.021234401199784207,0.00366899424492505,0.0064060387660516095,0.0072895945,-0.003851028013893874,0.019593103,0.005464158176512313,0.0046182004028372,
238,-0.011192908090339302,-0.010206630139097105,-0.002110198058431951,0.021182522967527446,0.003757931107998581,0.004707932405919563,0.0072895945,-0.0033690204513558172,0.020190574,0.00620300192600627,-0.0062401978886041,
239,-0.027361794874273114,-0.02035291993754973,-0.002110198058431951,0.011277954863198972,0.002562671730507086,-0.003974735951127164,0.006232406,-0.0015314439853904493,0.013287536,-0.0003148762430781758,-0.086347563083907,
240,-0.03175360473897956,-0.026275087748519894,-0.002110198058431951,-0.008104703253293781,-0.0002820435074694232,-0.005816612633464828,0.0027871465,-0.0019850484747681346,0.011888583,-0.00684659269904248,-0.0979882789447759,
241,-0.03152623152773422,-0.02483567406918814,-0.002110198058431951,-0.00029412460607971516,0.0016042019413155767,-0.0024605210785702113,0.004707152,-0.004161554920788564,0.01260047,-0.004034994546719169,-0.0658893400143221,
242,-0.026938805838054983,-0.020487833434072792,-0.002110198058431951,-0.0010793152166508693,0.0017036396955858926,-0.0009194994761479009,0.004707152,-0.004734701083376525,0.017113704,-0.0026654358221190623,-0.0718017087554421,
243,-0.030283377200313613,-0.021998739912573527,-0.002110198058431951,0.002860907422108402,0.0017036396955858926,0.002243772386258238,0.004707152,-0.007437974861637188,0.016306406,-0.0021478223746556713,-0.0452268441625761,
244,-0.0272780004256295,-0.01350636391048026,-0.002110198058431951,0.007413562902025001,0.0018281184459359005,0.005997253326003009,0.0053178594,-0.0019442093230000591,0.017577887,0.0015428827058701683,0.0268081707341287,
245,-0.024996036724106663,-0.013782770673362588,-0.002110198058431951,0.0076513295202990895,0.0018263060407283866,0.007951328427935467,0.005636427,-0.006314100993947976,0.020786287,0.0018874582013887102,-0.0444618797662513,
246,-0.025280735991135984,-0.015454569500069182,-0.002110198058431951,0.008578300303789971,0.0012411864704572212,0.01141197343480345,0.008103567,-0.006314542395730628,0.022736695,0.002774987951589462,-0.006465582799399,
247,-0.022665413606587328,-0.014363249262089572,-0.002110198058431951,0.006612040814354316,0.0011544237618489035,0.01141197343480345,0.008103567,-0.00495436805118218,0.02629755,0.0031509506135142845,0.006878844642564,
248,-0.029467189155248638,-0.02122123193917651,-0.002110198058431951,0.009350832287523116,0.0018263060407283866,0.011540698870308626,0.008103567,-0.008454337454216138,0.024094913,0.0019133473507278109,0.0229948400395345,
249,-0.036461867599481904,-0.024046226737309877,-0.002110198058431951,0.005030597459523397,0.0018263060407283866,0.003935267609628189,0.005084526,-0.01697131279489775,0.018252863,-0.002753756450046738,-0.0194414180344841,
250,-0.016210302900503838,-0.008953358203662581,-0.002110198058431951,0.007359801146426297,0.013612927556535422,0.017886080241020317,0.01691761,1.8018346139676786e-05,0.023810355,0.00946818418086998,-0.0136720956440515,
251,-0.0226636305101494,-0.0156903040428312,-0.002110198058431951,0.008777461370614258,0.013612927556535422,0.013571430827184127,0.016014468,-0.009775472567807557,0.020077186,0.006283173182390005,-0.0283993611637466,
252,-0.022302018939689687,-0.01535670157302339,-0.002110198058431951,0.012071772784153487,0.014495017387254797,0.013785237009220642,0.016797055,-0.00839724591026642,0.019832378,0.007449375223970817,-0.0571028412513829,
253,-0.02162381993341656,-0.015636572656377634,-0.002110198058431951,0.010301970563763804,0.004644036555380593,0.0034592758539819727,0.00968994,-0.013786431582097773,0.012483773,0.0012284075540135717,-0.0831851637911,
254,-0.0172131611995727,-0.014573559734519011,-0.002110198058431951,0.011657250922457018,0.0044828250182549,0.007805517403107982,0.011583096,-0.004611391378404587,0.0138365645,0.003835899084697663,-0.0905241606050771,
255,-0.013613118957259588,-0.007898936230331647,-0.002110198058431951,0.007422789671852153,0.0015071217504873057,0.006818095849477283,0.004324316,-0.005106066477844961,0.013392158,0.0022442232397912663,-0.007425410285819,
256,-0.013043318970744127,-0.009355885231846453,-0.002110198058431951,0.011101040935801006,0.0021898276282334215,0.009189505957421011,0.0043831225,-0.005240849077704769,0.015957437,0.003533944411409399,-0.0154619254960551,
257,-0.0015495910381960255,-0.0017867070161262935,-0.002110198058431951,0.008592174486330324,0.0021898276282334215,0.008802837132822563,0.0043831225,-0.0022786010268983858,0.016966952,0.005081410285848998,-0.0104454921318721,
258,0.002492556297333409,0.000928714319932117,-0.002110198058431951,0.009837248145678698,0.0020286160911077273,0.008101671236104675,0.0043831225,-0.003599211977131442,0.018591337,0.005832805656029145,0.014037378511349,
259,0.017022001267487406,0.010571526170762,-0.002110198058431951,0.0177126730496382,0.016721412574843317,0.023879577521847193,0.022511495,-0.00398730996794327,0.013966513,0.017103993860662033,0.0845374417095712,
260,0.005413875462869543,-0.0019751611911650786,-0.002110198058431951,0.014258449660358207,0.014945518701328651,0.029272724448681883,0.01931434,-0.00810133759186814,0.0132388165,0.013440787191750986,0.0851625296367746,
261,0.00772106353390581,-0.0010875553730332833,-0.002110198058431951,0.01537080967095923,0.01560962227441344,0.028108520149333214,0.021711024,-0.009214829127916957,0.016498188,0.014444040159566723,0.0909473558497055,
262,0.006273061452979313,0.003193334098612153,-0.002110198058431951,0.012299396245423264,0.01542909438444972,0.026817676572102475,0.021711024,-0.006960521449404621,0.017696982,0.014515068863879294,0.1128851198682598,
263,0.0018752587674684088,-0.0020373027567050996,-0.002110198058431951,0.01687598223593581,0.01542909438444972,0.028471599255091077,0.021711024,-0.009459012853805742,0.01627282,0.01428172346888783,0.0708868102947144,
264,-0.01688392769284482,-0.015432640948954674,-0.002110198058431951,0.01340937119098767,0.007393840408154521,0.0038887485554289494,0.003253829,-0.013222173855501387,0.00814525,0.0013890105241890424,-0.0005399168590645,
265,-0.012385367007415224,-0.015091430790120078,-0.002110198058431951,0.014794428254322301,0.0020108421688245005,-0.00017402616928111455,0.004593327,-0.01024354974081965,0.005274798,0.00046785745968691046,-0.0124846156074819,
266,-0.02058080940164421,-0.019854880116213874,-0.002110198058431951,0.011762566779198728,0.0020108421688245005,-0.004668590131318726,0.004593327,-0.00535061351762829,0.0061793677,-0.001357238328831506,-0.0413690232877791,
267,-0.023985738473714543,-0.02290459541020326,-0.002110198058431951,0.010955710915704343,0.005455468249793013,-0.0033782677185298757,0.004593327,-0.004464876594685756,0.0075997664,-0.0010332260790700777,-0.0852017937219731,
268,-0.014949548024381204,-0.01324763179297827,-0.002110198058431951,0.012528343662933386,0.00502617916189821,-0.005062156653815201,0.004593327,-0.0020063016067841345,0.010556703,0.0013847646189448183,-0.0866608473515324,
269,-0.002590604212872958,-0.009334959417364288,-0.002110198058431951,0.01849053986849352,0.0008619051309040759,0.0015761201564492438,0.0017867837,0.00976417400468411,-0.004837105,0.0031616237524189914,-0.0422698451445884,
270,0.001808177272256565,-0.008819593516608541,-0.002110198058431951,0.013209362624910287,-0.00038438987333186647,0.0028718975393885664,0.0042886683,-0.003773042213970232,0.011373208,0.00299033217628625,-0.0336735566617532,
271,-0.002013827167163428,-0.013358454984481134,-0.002110198058431951,0.01686669645646783,0.0029393907552635,0.006931928886555396,0.007884298,-0.0076948422947246105,0.012435314,0.004377005658552356,0.024999966278919,
272,-0.009181039859553148,-0.01396191489364713,-0.002110198058431951,0.02110950144743832,0.0018259946056396572,0.005445174142047006,0.005487612,-0.0031321618231196346,0.01599264,0.004783491973023787,0.0963618109753536,
273,-0.008904659511936412,-0.012504007627698639,-0.002110198058431951,0.021876083277487326,0.0028126532104442714,0.004214508940544944,0.003007876,-0.0026741447493921927,0.01977636,0.005234258874666349,0.1047871575096093,
274,-0.01094301256030771,-0.016581901330690266,-0.002110198058431951,0.018903412906902412,0.0029904637612993257,0.004279521249495821,0.0052644424,-0.008009300636460659,0.017659742,0.0035647446681061484,0.1071990297270994,
275,-0.01041656879340744,-0.017468417298254896,-0.002110198058431951,0.018802123122897557,0.003439756337838382,0.0054477122225468225,0.005323249,-0.01248925728298347,0.012804156,0.0027781853698345136,0.0851676223368131,
276,-0.02131839808002934,-0.02680055022194252,-0.002110198058431951,0.0130086977802114,0.002159546656946084,-0.0021797706517240226,0.004947918,-0.017231903080156867,0.0069055003,-0.0028460052525055807,0.0703725219808668,
277,-0.01698130432432171,-0.02424732015257211,-0.002110198058431951,0.015488596273820153,0.0009932650960788993,-0.0009639230598166883,0.0044304226,-0.01254213346292424,0.007700005,-0.0013302624172992401,0.0568587443828354,
278,-0.027425620333057756,-0.027983937402474627,-0.002110198058431951,0.01713204739619971,0.0016573686691636863,-0.0004356436955497857,0.0048891115,-0.01208164422401007,0.009286422,-0.0015987240124523457,0.0693452017647879,
279,-0.0280936842997174,-0.03001246308420168,-0.002110198058431951,0.01585237627767663,0.0016573686691636863,-0.0017841108051464562,0.0048891115,-0.008253700927744082,0.007527796,-0.0021876786545727794,0.0832558328791182,
280,-0.02118310276062567,-0.02429184815273399,-0.002110198058431951,0.020238554800925807,0.0016573686691636863,-0.0007795263978873763,0.0019506877,-0.006383044124986371,0.008523743,-0.00011023715736048598,0.0832163976360933,
281,-0.021440263613085084,-0.02616900811361455,-0.002110198058431951,0.013299285896663286,0.0016573686691636863,-0.0027619921100490597,0.0038886855,-0.006083998313779756,0.00551107,-0.0020705558907993314,0.0529265235178215,
282,-0.010512249619274383,-0.019061124292830092,-0.002110198058431951,0.003618040028777086,-0.0019213335741177684,-0.005403667578551253,0.00015718346,-0.0033968377617189,0.0075471,-0.003593619834532121,0.0800063530579864,
283,-0.013345131293674515,-0.0207750918195264,-0.002110198058431951,0.004623510292978649,-0.004097137846429739,-0.004277033060095821,-0.0027178093,-0.0038874662912850187,0.006615634,-0.0046308890235108955,0.1109273811832525,
284,-0.019284896816965248,-0.02598751549858412,-0.002110198058431951,-0.001499567654788041,-0.004097137846429739,-0.014799342395384888,-0.0035806254,-0.005679430165619024,0.0034493918,-0.009137945833932369,0.0572037793978676,
285,-0.02204531342924866,-0.026118929037388917,-0.002110198058431951,-0.004542805497999815,-0.004576196190143365,-0.010311996753312113,-0.0035806254,-0.006533263390826893,0.0027024322,-0.009487115360680295,0.0192186103721381,
286,-0.026058967843628395,-0.029582902021863887,-0.002110198058431951,-0.002508001202770426,-0.00485185437987123,-0.010311996753312113,-0.0044090636,-0.009408254448272849,0.0011571542,-0.010421857548395586,-0.011235936056351,
287,-0.030721778077312214,-0.03249607964164901,-0.002110198058431951,-0.0073273610043252365,-0.00485185437987123,-0.013987142485332543,-0.0044090636,-0.009510631979144195,0.0012767633,-0.012605395364103359,-0.0635134951846377,
288,-0.03434896196766368,-0.03409443303600304,-0.002110198058431951,-0.008971798896886998,-0.00485185437987123,-0.010541151548964133,-0.0044090636,-0.01079887011987465,-0.00086999853,-0.013181996498137049,-0.093646984887169,
289,-0.03261734328731879,-0.033768399569551945,-0.002110198058431951,-0.007348643245432014,-0.00485185437987123,-0.010541151548964133,-0.0044090636,-0.013079064480483283,-0.00041721502,-0.012904620499456402,-0.0703946565082143,
290,-0.035705008738519,-0.034927591602774116,-0.002110198058431951,0.0018400805499552515,-0.004247631017186043,-0.0070700784585389686,-0.0044090636,-0.01305623755352337,7.190093e-05,-0.010702437888212945,-0.0428701926578732,
291,-0.03984387656193659,-0.03709549133942519,-0.002110198058431951,0.004948479927195096,-0.004247631017186043,-0.002892649116766521,-0.0044090636,-0.012568914710471309,0.00079643464,-0.009865086306358432,-0.0007689941412071,
292,-0.039795376450474845,-0.035276698338992295,-0.002110198058431951,0.012131996461859142,-0.004247631017186043,-0.003847346036034867,-0.0044090636,-0.009712294086505277,0.0032431192,-0.007766013048459172,0.030800224680422598,
293,-0.035948282501173136,-0.03127997514834803,-0.002110198058431951,0.013035726757935117,-0.004247631017186043,-0.005265113520725482,-0.0044090636,-0.0072157542037304895,0.003012244,-0.006779502486750833,0.0013503742146474,
294,-0.03624627186745459,-0.03418312273402715,-0.002110198058431951,0.012663915538314441,-0.003971972827458178,-0.00632338164496519,-0.0035806254,-0.010569544398168672,0.0036498092,-0.007555201597103869,-0.0153038442716147,
295,-0.03777691814651608,-0.03282162675708452,-0.002110198058431951,0.012500493062686234,-0.003973785232665694,-0.005102862721273134,-0.002556392,-0.01300512753077191,0.0049407673,-0.007238306198068939,-0.0380228143669869,
296,-0.045254095113909966,-0.03895913955562552,-0.002110198058431951,0.011105743020252972,-0.0034716072448832958,-0.0031706718144110693,-0.003203251,-0.019032776296733157,0.0058800476,-0.009027343388817749,-0.0469070645373849,
297,-0.046733767771633794,-0.040264117992393114,-0.002110198058431951,0.009625563529758125,-0.004075830607568481,-0.003580989992071675,-0.003203251,-0.022237148811909007,0.007131586,-0.00997078548970674,-0.061174129430891004,
298,-0.04420929557393335,-0.03454203032819477,-0.002110198058431951,0.019713849951876375,-0.0006180042491566978,0.004345371947946689,0.0015917475,-0.01894365585946254,0.011065574,-0.0036460740414806674,-0.0459490075976802,
299,-0.03962246591388435,-0.030643255328518044,-0.002110198058431951,0.01860164123123292,-0.0006180042491566978,0.004459577234652998,0.0015917475,-0.019286967232125,0.015374252,-0.0026406907416580334,-0.0427976279123951,
300,-0.03781599681735424,-0.02912235758851847,-0.002110198058431951,0.030283013074677602,0.00432529547025816,0.01596662219058337,0.007506681,-0.012019175561059423,0.020055586,0.004810911254344904,-0.0183749472316621,
301,-0.032977533958406365,-0.02515916371184836,-0.002110198058431951,0.033835476577301224,0.003941613249108628,0.0172571602118442,0.0071437713,-0.011666939021772248,0.019745678,0.006424446705652616,-0.0128779680123133,
302,-0.02322243370734325,-0.017166201359989246,-0.002110198058431951,0.03338616166072759,0.003941613249108628,0.01772778934775445,0.0071437713,-0.00980546649980575,0.025421113,0.008845568228736713,0.007023686891267201,
303,-0.023138651212902536,-0.018680434808600915,-0.002110198058431951,0.03455795826824,0.004420671592822254,0.01653884071717366,0.0071437713,-0.008538545606705238,0.025282718,0.008887303683146091,0.030079567991335897,
304,-0.019281796322910473,-0.015332274589930372,-0.002110198058431951,0.033211757545028316,0.004881911759709324,0.016341087711127907,0.008103567,-0.009443078822480178,0.027990622,0.009700022028249744,0.0178336685315356,
305,-0.01550227716833728,-0.012402568314631055,-0.002110198058431951,0.03258151835668449,0.005342552579630485,0.014127511039223953,0.008103567,-0.012331187258679066,0.02675153,0.009549777654040218,0.0073752358437273,
306,-0.011210522116250869,-0.009844485062356634,-0.002110198058431951,0.03392918549264492,0.005342552579630485,0.014127511039223953,0.011041992,-0.0151487048041454,0.025115317,0.010413001906517783,0.0541488732794295,
307,-0.008050898026748741,-0.008546866493054316,-0.002110198058431951,0.030057744861853048,0.00595287920860542,0.012803711802984234,0.010431284,-0.018874654646534535,0.02457512,0.009396612245166584,0.1112195518927845,
308,-0.005067300103052659,-0.007590987335059511,-0.002110198058431951,0.029545870557262613,0.0059546916138129334,0.015218760685824782,0.010112715,-0.020848111481074502,0.022134468,0.009460222756368224,0.0521254078400352,
309,0.004760544042091792,-0.001838820857684504,-0.002110198058431951,0.030380726277744543,0.0059546916138129334,0.014399541306578192,0.0100539075,-0.02028116190845632,0.024204362,0.01111339156009526,0.1167156429146309,
310,-0.014852936716768038,-0.009998325073714159,-0.002110198058431951,0.03219861823800731,0.0059546916138129334,0.010416894748779415,0.0100539075,-0.013122411892131204,0.023721801,0.009342592198142138,0.0922445532556102,
311,-0.023866025847434955,-0.01702463764963747,-0.002110198058431951,0.02619778821770401,0.0059546916138129334,0.007499537716983602,0.0100539075,-0.014269870488308582,0.016566958,0.0053699910020457205,-0.0031930007330343,
312,-0.011582380070059904,-0.003959809325816193,-0.002110198058431951,0.02414564509662717,0.0052768928903983055,0.001838540370315012,0.0089967195,-0.002969941638489905,0.012478873,0.00711136589324403,-0.0657754649793284,
313,-0.029019091394811968,-0.02413645489306642,-0.002110198058431951,0.026945810812480195,0.006337488632709367,0.0037881311570444735,0.009333275,-0.013459961274142937,0.007680928,0.002799311199708098,-0.027165711837044,
314,-0.03524475659856354,-0.02600292072888448,-0.002110198058431951,0.024535078019395504,0.005754150326353897,0.004684747317164356,0.0089967195,-0.004780976452143901,0.0089250915,0.002685567861824035,-0.0771316859725521,
315,-0.04610304237671174,-0.039809119319141835,-0.002110198058431951,0.02503243232150998,0.005754150326353897,0.00184003404939403,0.008839569,-0.012485880559961058,0.006313798,-0.0013107047947438011,-0.0516776531780429,
316,-0.028730250169125924,-0.0228237251185284,-0.002110198058431951,0.027523362577517373,0.00703617241245371,0.01009706249518156,0.0100539075,-0.011416757389436217,0.0074499077,0.0045015627106707295,-0.0204051410617498,
317,-0.017587401541334806,-0.015331125213568277,-0.002110198058431951,0.02812044939941109,0.00703617241245371,0.013174609466193577,0.010664616,-0.009302757124930667,0.01025809,0.00734746903634895,0.0073450463549635,
318,-0.01736051920576396,-0.017260706207150794,-0.002110198058431951,0.029207840169327957,0.00703617241245371,0.00939213357468515,0.010664616,-0.01436858103048081,0.008520744,0.0060391657279633415,0.06236966909982009,
319,-0.013663155320380475,-0.01503236101621386,-0.002110198058431951,0.030526288944998987,0.00703617241245371,0.01131855936644462,0.010664616,-0.01088620506994774,0.008402463,0.007447348841158047,0.0344397306615718,
320,-0.010030140045360108,-0.013372339888841386,-0.002110198058431951,0.029553844276956013,0.00703617241245371,0.01098971953813623,0.010664616,-0.012992268204954527,0.0105607165,0.007639406928173729,0.046887192734127,
321,-0.01600246516338709,-0.016945706229347435,-0.002110198058431951,0.030055443572776223,0.00703617241245371,0.007602763507389289,0.010664616,-0.01536049604326173,0.012129707,0.0063171384491775215,0.043194608270169,
322,-0.012975121416777908,-0.012831857847478477,-0.002110198058431951,0.025332786068749346,0.006558914976498119,0.007571370149232438,0.0100539075,-0.014475647446826017,0.011745368,0.005999335759388571,0.0270312942590023,
323,-0.023274475816860964,-0.021661950432464685,-0.002110198058431951,0.021629790870797982,0.0052768928903983055,0.004714298107575661,0.0089967195,-0.01420490379654568,0.008063339,0.0022345831300185875,-0.0715986550460621,
324,-0.016357217251632104,-0.01712960930477302,-0.002110198058431951,0.026186493670531306,0.005860231196753776,0.0009948728643394112,0.009333275,-0.016500340028757807,0.009947045,0.0037397019106665667,-0.0603309572911223,
325,-0.01796061561482419,-0.016540326432864027,-0.002110198058431951,0.02532051945115019,0.0052768928903983055,0.0024965946557240475,0.008839569,-0.015655379104209697,0.011614396,0.003860495494303348,-0.0797979621832161,
326,-0.014681078255034114,-0.014982301655148985,-0.002110198058431951,0.02542113835445136,0.005256007834068589,0.010062699766281638,0.009333275,-0.014931068478563419,0.014363123,0.005830398281904587,-0.0382546864227698,
327,-0.013515383043730603,-0.013479204637254617,-0.002110198058431951,0.02186167870584231,0.00467266952771312,0.0029563822549793697,0.008839569,-0.016367138492108087,0.00890443,0.003456108208603647,-0.0356168542509488,
328,-0.005928008445326703,-0.005329902599335497,-0.002110198058431951,0.032587741368297736,0.006558914976498119,0.011571642775811542,0.010664616,-0.00747962950670444,0.0132580325,0.010470491019928604,0.0236172486489356,
329,0.0024468441167850904,0.0009681008494900601,-0.002110198058431951,0.028749620891738534,0.00649113387029636,0.017285622482492123,0.009596886,-0.0013710731476758056,0.011265481,0.012161291924023456,0.0351675182321362,
330,0.010687189986311385,0.00482196180950684,-0.002110198058431951,0.031575252249484716,0.00649113387029636,0.01849945467786994,0.009596886,5.212797467284633e-05,0.016842833,0.01459864462079363,0.02454165432699,
331,-0.0013700482023515106,-0.007255877610445358,-0.002110198058431951,0.027257992722185577,0.006968391306251952,0.01652085063339097,0.009596886,-0.007905545333449891,0.008099676,0.00944923291889024,-0.011813348871521,
332,-0.003759764417028457,-0.008748358378203317,-0.002110198058431951,0.02459017903607981,0.00649113387029636,0.017728923868214997,0.009596886,-0.008956065266552451,0.0073341606,0.008476468137350413,-0.0279905721002973,
333,-0.0024393672662946,-0.014860230580997736,-0.002110198058431951,0.024695271410679048,0.00649113387029636,0.018503823330245753,0.008986178,-0.01656121437916961,0.007539031,0.0069313264263211405,-0.03937357133113,
334,-0.0034958273547696208,-0.012774628366376179,-0.002110198058431951,0.025885552478342008,0.00649113387029636,0.017459873964977918,0.008986178,-0.017471479803280048,0.012017998,0.007629677844675272,-0.0079699064555921,
335,0.002806034002696263,-0.008375642490879317,-0.002110198058431951,0.030526109560588596,0.00649113387029636,0.01784923721139039,0.008986178,-0.015614283557915422,0.014496019,0.010024656333985298,-0.0071920790645826,
336,0.009446717452388263,-0.0027929800099245074,-0.002110198058431951,0.028149398522702408,0.00649113387029636,0.016870426776171028,0.009596886,-0.013994086116889888,0.016534759,0.01102942607738231,0.016511557788116,
337,0.010508359146027558,-0.0021225337070808546,-0.002110198058431951,0.027756610889051035,0.00649113387029636,0.016870426776171028,0.009596886,-0.015014437649917889,0.015584563,0.010907462852215735,0.0261526648419785,
338,0.018834254031602927,0.004739308533219846,-0.002110198058431951,0.024518219974401966,0.005886910507611174,0.014966738288372191,0.009596886,-0.012731546145440776,0.016729353,0.011641725950997892,0.0278321041977622,
339,0.014679772431887554,-0.0007681721220535653,-0.002110198058431951,0.02703321234564697,0.005886910507611174,0.017433183419901292,0.008986178,-0.018032388737014498,0.013573927,0.010543611864078668,-0.0076107682013837,
340,0.01980375526285607,0.002391340687774673,-0.002110198058431951,0.029250906404485345,0.005886910507611174,0.01784923721139039,0.008986178,-0.015286497988750286,0.016641933,0.012361074420370032,0.0188424934289317,
341,0.02188081264083995,0.002843132445987826,-0.002110198058431951,0.024777664372594054,0.005886910507611174,0.017355018025203107,0.008986178,-0.017009032939094237,0.013834072,0.011110875335422503,-0.0074493443222074,
342,0.02121448836099522,0.00012156186910949373,-0.002110198058431951,0.024840250780850077,0.005886910507611174,0.01704011617527613,0.008986178,-0.016701398617224836,0.01573912,0.010855873798163423,-0.015185368500317,
343,0.017423068800429667,5.612051106814948e-05,-0.002110198058431951,0.029363937083321225,0.005886910507611174,0.01704011617527613,0.008986178,-0.016585834732425798,0.014680666,0.0114669347583799,-0.0049401014864801,
344,0.0212202057552301,0.004395155380953037,-0.002110198058431951,0.029879923894523597,0.005886910507611174,0.017459873964977918,0.008986178,-0.014459890312825114,0.018967167,0.013115052210172503,-0.0063761101311659,
345,0.018315413311126093,0.0033354401221303122,-0.002110198058431951,0.028375805021282473,0.005886910507611174,0.017439938923404043,0.008986178,-0.016445097682485723,0.01803637,0.0122154408413474,-0.0060938996140397,
346,0.02278506832674052,0.006440876614147592,-0.002110198058431951,0.03231702033873443,0.005886910507611174,0.0174332920716267,0.008986178,-0.016193630683978374,0.018147303,0.013728225206257532,0.015124016659680398,
347,0.02459606713953417,0.005793787928121798,-0.002110198058431951,0.03127438969608292,0.005886910507611174,0.01676567948812163,0.009596886,-0.01506642805566218,0.01830322,0.01363296199175848,0.017573151113658,
348,0.01852858629448365,0.0005774469449608429,-0.002110198058431951,0.02959923689626733,0.005886910507611174,0.017062428467524076,0.008986178,-0.01449314644705202,0.019113855,0.01230340422414746,-0.0122726422338921,
349,0.020137405628090185,0.0026237303126832876,-0.002110198058431951,0.034323732246102266,0.005886910507611174,0.017062428467524076,0.008986178,-0.014298194639544277,0.01941877,0.013685673413409254,-0.0117233290061341,
350,0.025962902284228477,0.005598102368001414,-0.002110198058431951,0.03419766191249127,0.005886910507611174,0.017062428467524076,0.008986178,-0.013026339685733055,0.021618173,0.014745015784011873,-0.0509240166142356,
351,0.015634064977431552,-0.0018078778179917404,-0.002110198058431951,0.032503274894998734,0.006352680612352297,0.01704011617527613,0.008986178,-0.008397392988207726,0.021550743,0.013324758348446014,-0.06146201248114801,
352,0.013811080859787292,-0.005020126412588166,-0.002110198058431951,0.03194584677444744,0.006352680612352297,0.017034297865724926,0.008986178,-0.007764266605284346,0.019654557,0.012513107333737554,-0.071328099434068,
353,0.016098937740486256,0.005475378247905041,-0.002110198058431951,0.03391829238617072,0.005886910507611174,0.018319682988112478,0.009596886,-0.009029244915732156,0.0227347,0.014969091467539967,-0.0534639778964748,
354,0.018374627509472087,0.008265451330606348,-0.002110198058431951,0.029590539052043546,0.005886910507611174,0.016962783384330726,0.009596886,-0.006410393388655026,0.026439149,0.015064631443685243,-0.0324684017797377,
355,0.03888165896044651,0.01879592705655431,-0.002110198058431951,0.027097108055621977,0.005886910507611174,0.018071326779792975,0.009596886,0.002037447287401982,0.030784348,0.018616453820940824,0.0364035444650037,
356,0.028467054285296608,0.013142429450994413,-0.002110198058431951,0.022459214173087744,0.005886910507611174,0.016417512494172712,0.009596886,-0.002127188012590499,0.026962843,0.015273433760759448,0.0104704355495637,
357,0.03914203449961977,0.02069009901540388,-0.002110198058431951,0.028255461859545205,0.005886910507611174,0.018595109605566113,0.009596886,0.0011931518151955373,0.032393944,0.019300366545340012,0.0115269324679492,
358,0.03393642592646203,0.013146611727106733,-0.002110198058431951,0.02235027988288017,0.017108600291730343,0.02067893782019253,0.02141141,-0.004669198726102965,0.028756479,0.020106635746361654,0.0143384089095381,
359,0.03443695657742728,0.015103676175436143,-0.002110198058431951,0.025379314754301188,0.018408939428286385,0.022583143064687505,0.020402461,-0.0042093404774188005,0.02647009,0.021242732013043848,0.0098796723048444,
360,0.023394928853934908,0.005864349024468516,-0.002110198058431951,0.019228193056820594,0.0054377954157619314,0.016819286296264054,0.008986178,-0.018585122608916205,0.017249346,0.010543604900869964,-0.0267501253834779,
361,0.029758841724781403,0.011154554761602374,-0.002110198058431951,0.02219636138905688,0.004977154595840775,0.016924142236038865,0.008986178,-0.013288424525313803,0.0190415,0.012881450472490542,-0.0054208099757043,
362,0.03470691455814186,0.013941503080025836,-0.002110198058431951,0.029212323903397393,0.005859244426560153,0.018151753723573142,0.009768767,-0.015092460087380554,0.022545492,0.015598032737195915,-0.0086060605121218,
363,0.036665659479736934,0.015963867897610763,-0.002110198058431951,0.03710913623310681,0.007821869833817288,0.020043146741775594,0.01156862,-0.011916344738069792,0.025217596,0.019109721071750737,-0.0020691374694521507,
364,0.04096907203926931,0.020541112809698874,-0.002110198058431951,0.031240025524921517,0.007821869833817288,0.018216740186816956,0.01156862,-0.013317227238290732,0.018098092,0.01771165661495436,-0.0020691374694521507,
365,0.0432863519653473,0.021155569149116163,-0.002110198058431951,0.030410352996721946,0.007242133900297353,0.012387784971665863,0.011582443,-0.010228107652648253,0.019661007,0.01723074106318162,-0.0020691374694521507,
366,0.040074045302074424,0.017132344380678753,-0.002110198058431951,0.03168174204163785,0.007242133900297353,0.01264839233216436,0.01042815,-0.01179522105693159,0.018601064,0.016324161088284758,-0.0020691374694521507,
367,0.0392166328064421,0.014717469996736626,-0.002110198058431951,0.03388241599997982,0.007242133900297353,0.014552964281821183,0.00984585,-0.011818216100662771,0.024142602,0.017109389537782353,-0.0020691374694521507,
