date,avg_sentiment,sentiment_std,news_count,weighted_avg_sentiment,weighted_sentiment_std,avg_priority,max_priority,total_priority,drug_specific_count,company_news_count,fda_milestones,market_impacts,drug_news_ratio,has_application_phase,has_clinical_trials,has_regulatory_review,has_approval_process,has_post_approval,has_regulatory_issues,day_importance_score
2015-04-02,0.0,0.0,4,0.0,0.0,1.0,1,4,0,4,Other,Other,0.0,0,0,0,0,0,0,1
2015-07-24,0.0,0.0,1,0.0,0.0,1.0,1,1,0,1,Other,Other,0.0,0,0,0,0,0,0,1
2015-09-28,0.3148111111111111,0.0,1,0.3148111111111111,0.0,1.0,1,1,0,1,Other,Other,0.0,0,0,0,0,0,0,1
2015-10-03,0.0,0.0,1,0.0,0.0,1.0,1,1,0,1,Other,Other,0.0,0,0,0,0,0,0,1
2015-10-04,0.0,0.0,1,0.0,0.0,1.0,1,1,0,1,Other,Other,0.0,0,0,0,0,0,0,1
2015-12-02,0.0,0.0,2,0.0,0.0,7.0,7,14,0,0,Other,Other,0.0,0,0,0,0,0,0,7
2015-12-09,0.0,0.0,1,0.0,0.0,1.0,1,1,0,1,Other,Other,0.0,0,0,0,0,0,0,1
2015-12-28,0.0,0.0,1,0.0,0.0,1.0,1,1,0,1,Other,Other,0.0,0,0,0,0,0,0,1
2016-01-27,0.09999999999999999,0.0,1,0.09999999999999999,0.0,1.0,1,1,0,1,Other,Other,0.0,0,0,0,0,0,0,1
2016-03-31,-0.3428,0.0,1,-0.3428,0.0,1.0,1,1,0,1,Other,Other,0.0,0,0,0,0,0,0,1
2016-04-27,0.0,0.0,2,0.0,0.0,7.0,7,14,0,2,Other,Other,0.0,0,0,0,0,0,0,7
2016-04-28,0.0,0.0,1,0.0,0.0,1.0,1,1,0,1,Other,Other,0.0,0,0,0,0,0,0,1
2016-06-03,0.29295,0.0,1,0.29295,0.0,1.0,1,1,0,1,Other,Other,0.0,0,0,0,0,0,0,1
2016-07-22,0.35015,0.0,1,0.35015,0.0,9.0,9,9,0,1,Other,Other,0.0,0,0,0,0,0,0,9
2016-07-23,0.2787,0.0,1,0.2787,0.0,7.0,7,7,0,0,Other,Other,0.0,0,0,0,0,0,0,7
2016-10-21,0.2308,0.19987866319344846,3,0.2308,0.19987866319344846,1.0,1,3,0,3,Other,Other,0.0,0,0,0,0,0,0,1
2016-11-17,0.3592,0.0,1,0.3592,0.0,8.0,8,8,0,0,Other,Other,0.0,0,0,0,0,0,0,8
2016-12-13,-0.26506875,0.13444751560785717,2,-0.26506875,0.13444751560785717,1.0,1,2,0,2,Other,Other,0.0,0,0,0,0,0,0,1
2016-12-14,-0.24749545454545455,0.0,3,-0.24749545454545455,0.0,1.0,1,3,0,3,Other,Other,0.0,0,0,0,0,0,0,1
2017-01-25,0.5063,0.0,1,0.5063,0.0,8.0,8,8,0,1,Other,Other,0.0,0,0,0,0,0,0,8
2017-03-02,0.0,0.0,1,0.0,0.0,8.0,8,8,0,0,Other,Other,0.0,0,0,0,0,0,0,8
2017-03-03,0.17752255892255894,0.26024034224617876,3,0.17752255892255894,0.26024034224617876,1.0,1,3,0,3,Other,Other,0.0,0,0,0,0,0,0,1
2017-03-06,0.03563636363636364,0.0,2,0.03563636363636364,0.0,1.0,1,2,0,2,Other,Other,0.0,0,0,0,0,0,0,1
2017-03-13,-0.31845,0.0,1,-0.31845,0.0,8.0,8,8,0,0,Other,Other,0.0,0,0,0,0,0,0,8
2017-05-10,0.0,0.0,2,0.0,0.0,1.0,1,2,0,2,Other,Other,0.0,0,0,0,0,0,0,1
2017-07-20,0.0,0.0,1,0.0,0.0,1.0,1,1,0,1,Other,Other,0.0,0,0,0,0,0,0,1
2017-07-25,0.0,0.0,1,0.0,0.0,1.0,1,1,0,1,Other,Other,0.0,0,0,0,0,0,0,1
2017-08-03,-0.148,0.0,1,-0.148,0.0,7.0,7,7,0,1,Other,Other,0.0,0,0,0,0,0,0,7
2017-08-27,-0.4402772727272727,0.0,1,-0.4402772727272727,0.0,1.0,1,1,0,1,Other,Other,0.0,0,0,0,0,0,0,1
2017-09-06,0.0,0.0,1,0.0,0.0,1.0,1,1,0,1,Other,Other,0.0,0,0,0,0,0,0,1
2017-09-07,0.0,0.0,1,0.0,0.0,7.0,7,7,0,1,Other,Other,0.0,0,0,0,0,0,0,7
2017-09-08,0.146475,0.2071469315485991,2,0.146475,0.2071469315485991,1.0,1,2,0,2,Other,Other,0.0,0,0,0,0,0,0,1
2017-09-11,0.54425,0.0,1,0.54425,0.0,1.0,1,1,0,1,Other,Other,0.0,0,0,0,0,0,0,1
2017-09-18,0.19476666666666667,0.15759053130044193,2,0.31724666666666673,0.33080340841989864,8.5,10,17,0,2,regulatory_review|Other,Other,0.0,0,0,1,0,0,0,25
2017-11-14,0.022222222222222223,0.03849001794597505,3,0.022222222222222223,0.03849001794597505,8.0,8,24,0,3,Other,Other,0.0,0,0,0,0,0,0,8
2017-11-20,0.5834833333333334,0.0,1,0.5834833333333334,0.0,1.0,1,1,0,1,Other,Other,0.0,0,0,0,0,0,0,1
2017-11-21,0.0,0.0,1,0.0,0.0,1.0,1,1,0,1,Other,Other,0.0,0,0,0,0,0,0,1
2017-12-08,0.0,0.0,1,0.0,0.0,1.0,1,1,0,1,Other,Other,0.0,0,0,0,0,0,0,1
2018-01-18,-0.005,0.006846531968814577,5,-0.005,0.006846531968814577,1.0,1,5,0,5,Other,Other,0.0,0,0,0,0,0,0,1
2018-01-19,0.02764999999999999,0.26439755577538915,3,0.02764999999999999,0.26439755577538915,5.666666666666667,8,17,0,3,Other,Other,0.0,0,0,0,0,0,0,8
2018-02-23,0.2787,0.0,1,0.2787,0.0,1.0,1,1,0,1,Other,Other,0.0,0,0,0,0,0,0,1
2018-02-24,0.1858,0.1609075200231487,3,0.1858,0.1609075200231487,1.0,1,3,0,3,Other,Other,0.0,0,0,0,0,0,0,1
2018-04-17,0.4063,0.0,1,0.4063,0.0,1.0,1,1,0,1,Other,Other,0.0,0,0,0,0,0,0,1
2018-05-02,0.0,0.0,2,0.0,0.0,1.0,1,2,0,2,Other,Other,0.0,0,0,0,0,0,0,1
2018-05-18,0.0,0.0,1,0.0,0.0,1.0,1,1,0,1,Other,Other,0.0,0,0,0,0,0,0,1
2018-06-05,0.125,0.0,1,0.125,0.0,1.0,1,1,0,1,Other,Other,0.0,0,0,0,0,0,0,1
2018-06-23,0.0,0.0,2,0.0,0.0,1.0,1,2,0,2,Other,Other,0.0,0,0,0,0,0,0,1
2018-06-26,0.4520722222222222,0.0,4,0.4520722222222222,0.0,1.0,1,4,0,4,Other,Other,0.0,0,0,0,0,0,0,1
2018-10-25,0.35015,0.0,2,0.35015,0.0,9.0,9,18,0,2,Other,Other,0.0,0,0,0,0,0,0,9
2018-10-26,0.4612611111111111,0.0,2,0.4612611111111111,0.0,9.0,9,18,0,2,Other,Other,0.0,0,0,0,0,0,0,9
2018-12-04,0.31845,0.0,1,0.31845,0.0,1.0,1,1,0,1,Other,Other,0.0,0,0,0,0,0,0,1
2018-12-31,0.0,0.0,1,0.0,0.0,8.0,8,8,0,0,clinical_trials,Other,0.0,0,1,0,0,0,0,18
2019-01-02,0.0,0.0,1,0.0,0.0,7.0,7,7,0,1,Other,Other,0.0,0,0,0,0,0,0,7
2019-01-28,0.0,0.0,2,0.0,0.0,1.0,1,2,0,2,Other,Other,0.0,0,0,0,0,0,0,1
2019-03-01,-0.3953,0.0,2,-0.3953,0.0,8.0,8,16,0,2,Other,Other,0.0,0,0,0,0,0,0,8
2019-03-06,0.0,0.0,1,0.0,0.0,1.0,1,1,0,1,Other,Other,0.0,0,0,0,0,0,0,1
2019-03-07,0.26335,0.0,1,0.26335,0.0,1.0,1,1,0,1,Other,Other,0.0,0,0,0,0,0,0,1
2019-03-12,-0.3062,0.0,3,-0.3062,0.0,1.0,1,3,0,3,Other,Other,0.0,0,0,0,0,0,0,1
2019-03-15,-0.3787,0.0,2,-0.3787,0.0,1.0,1,2,0,2,Other,Other,0.0,0,0,0,0,0,0,1
2019-05-30,0.0,0.0,1,0.0,0.0,1.0,1,1,0,1,Other,Other,0.0,0,0,0,0,0,0,1
2019-06-14,0.0,0.0,1,0.0,0.0,7.0,7,7,0,1,Other,Other,0.0,0,0,0,0,0,0,7
2019-08-01,-0.43445,0.0,1,-0.43445,0.0,1.0,1,1,0,1,Other,Other,0.0,0,0,0,0,0,0,1
2019-08-05,0.0,0.0,1,0.0,0.0,1.0,1,1,0,1,Other,Other,0.0,0,0,0,0,0,0,1
2019-08-22,0.0,0.0,3,0.0,0.0,1.0,1,3,0,3,Other,Other,0.0,0,0,0,0,0,0,1
2019-08-23,0.0,0.0,2,0.0,0.0,1.0,1,2,0,2,Other,Other,0.0,0,0,0,0,0,0,1
2019-08-24,0.0,0.0,1,0.0,0.0,1.0,1,1,0,1,Other,Other,0.0,0,0,0,0,0,0,1
2019-09-22,0.04545454545454545,0.0,1,0.04545454545454545,0.0,1.0,1,1,0,1,Other,Other,0.0,0,0,0,0,0,0,1
2019-09-24,0.0,0.0,5,0.0,0.0,1.0,1,5,0,5,Other,Other,0.0,0,0,0,0,0,0,1
2019-09-26,0.0,0.0,1,0.0,0.0,1.0,1,1,0,1,Other,Other,0.0,0,0,0,0,0,0,1
2019-10-03,-0.025,0.0,4,-0.025,0.0,1.0,1,4,0,4,Other,Other,0.0,0,0,0,0,0,0,1
2019-10-10,0.1806,0.0,1,0.1806,0.0,1.0,1,1,0,1,Other,Other,0.0,0,0,0,0,0,0,1
2019-10-23,0.35015,0.0,3,0.35015,0.0,9.0,9,27,0,3,Other,Other,0.0,0,0,0,0,0,0,9
2019-10-24,0.0,0.0,1,0.0,0.0,1.0,1,1,0,1,Other,Other,0.0,0,0,0,0,0,0,1
2019-11-05,0.0,0.0,3,0.0,0.0,1.0,1,3,0,3,Other,Other,0.0,0,0,0,0,0,0,1
2019-11-21,-0.049398787878787875,0.0886753793268477,5,-0.049398787878787875,0.0886753793268477,8.0,8,40,0,0,Other,Other,0.0,0,0,0,0,0,0,8
2019-11-22,0.05135,0.0,2,0.05135,0.0,8.0,8,16,0,0,Other,Other,0.0,0,0,0,0,0,0,8
2019-11-23,0.05135,0.0,2,0.05135,0.0,8.0,8,16,0,0,Other,Other,0.0,0,0,0,0,0,0,8
2019-11-27,0.37530454545454545,0.0,1,0.37530454545454545,0.0,1.0,1,1,0,1,Other,Other,0.0,0,0,0,0,0,0,1
2019-12-03,0.36755,0.0,3,0.7351,0.0,11.0,11,33,0,3,approval_process,Other,0.0,0,0,0,1,0,0,31
2020-01-06,0.1786313131313131,0.14099683164896806,6,0.1786313131313131,0.14099683164896806,1.0,1,6,0,6,Other,Other,0.0,0,0,0,0,0,0,1
2020-01-10,0.04545454545454545,0.0,1,0.04545454545454545,0.0,1.0,1,1,0,1,Other,Other,0.0,0,0,0,0,0,0,1
2020-01-27,0.35015,0.0,1,0.35015,0.0,9.0,9,9,0,1,Other,Other,0.0,0,0,0,0,0,0,9
2020-01-28,0.0,0.0,3,0.0,0.0,1.0,1,3,0,3,Other,Other,0.0,0,0,0,0,0,0,1
2020-01-29,-0.4508833333333333,0.0,2,-0.4508833333333333,0.0,1.0,1,2,0,2,Other,Other,0.0,0,0,0,0,0,0,1
2020-02-22,0.0,0.0,1,0.0,0.0,1.0,1,1,0,1,Other,Other,0.0,0,0,0,0,0,0,1
2020-02-25,0.0,0.0,1,0.0,0.0,1.0,1,1,0,1,Other,Other,0.0,0,0,0,0,0,0,1
2020-03-11,0.6258666666666667,0.0,1,0.6258666666666667,0.0,1.0,1,1,0,1,Other,Other,0.0,0,0,0,0,0,0,1
2020-03-20,0.52515,0.0,2,0.52515,0.0,1.0,1,2,0,2,Other,Other,0.0,0,0,0,0,0,0,1
2020-04-01,0.051550000000000006,0.0,5,0.051550000000000006,0.0,1.0,1,5,0,5,Other,Other,0.0,0,0,0,0,0,0,1
2020-04-16,0.0,0.0,1,0.0,0.0,1.0,1,1,0,1,Other,Other,0.0,0,0,0,0,0,0,1
2020-05-15,0.3747833333333333,0.042666184893113315,3,0.3747833333333333,0.042666184893113315,9.0,9,27,0,3,Other,Other,0.0,0,0,0,0,0,0,9
2020-05-16,0.35015,0.0,1,0.35015,0.0,9.0,9,9,0,1,Other,Other,0.0,0,0,0,0,0,0,9
2020-06-11,0.36755,0.0,7,1.10265,0.0,21.0,21,147,7,7,approval_process,Other,1.0,0,0,0,1,0,0,111
2020-06-12,0.36755,0.0,5,1.10265,0.0,21.0,21,105,5,5,approval_process,Other,1.0,0,0,0,1,0,0,91
2020-06-22,0.12510000000000002,0.21667955602686656,3,0.12510000000000002,0.21667955602686656,3.3333333333333335,8,10,0,3,Other,Other,0.0,0,0,0,0,0,0,8
2020-07-11,-0.31845,0.0,1,-0.31845,0.0,1.0,1,1,0,1,Other,Other,0.0,0,0,0,0,0,0,1
2020-07-13,0.0625,0.08838834764831845,2,0.09375,0.13258252147247765,8.0,8,16,0,0,clinical_trials,Other,0.0,0,1,0,0,0,0,18
2020-07-14,0.0,0.0,2,0.0,0.0,4.5,8,9,0,2,clinical_trials|Other,Other,0.0,0,1,0,0,0,0,18
2020-07-21,0.26335,0.0,1,0.26335,0.0,8.0,8,8,0,1,Other,Other,0.0,0,0,0,0,0,0,8
2020-07-24,0.175075,0.24759343943246961,2,0.175075,0.24759343943246961,9.0,9,18,0,2,Other,Other,0.0,0,0,0,0,0,0,9
2020-07-30,0.3753,0.0,1,0.3753,0.0,1.0,1,1,0,1,Other,Other,0.0,0,0,0,0,0,0,1
2020-08-06,0.0,0.0,2,0.0,0.0,1.0,1,2,0,2,Other,Other,0.0,0,0,0,0,0,0,1
2020-08-31,0.140425,0.13273986307812735,7,0.2106375,0.19910979461719105,11.0,11,77,7,3,Other,Other,1.0,0,0,0,0,0,0,81
2020-09-01,0.1702,0.18644475857475853,6,0.25529999999999997,0.27966713786213776,6.0,11,36,3,3,Other,Other,0.5,0,0,0,0,0,0,41
2020-09-03,0.50015,0.0,2,0.7502249999999999,0.0,11.0,11,22,2,0,Other,Other,1.0,0,0,0,0,0,0,31
2020-09-05,0.022891176470588234,0.09438273848288897,17,0.022891176470588234,0.09438273848288897,1.0,1,17,0,17,Other,Other,0.0,0,0,0,0,0,0,1
2020-09-07,0.6063833333333333,0.0,1,0.9095749999999999,0.0,8.0,8,8,0,0,clinical_trials,Other,0.0,0,1,0,0,0,0,18
2020-10-13,0.0,0.0,1,0.0,0.0,1.0,1,1,0,1,Other,Other,0.0,0,0,0,0,0,0,1
2020-10-24,0.3768166666666667,0.0,1,0.3768166666666667,0.0,9.0,9,9,0,1,Other,Other,0.0,0,0,0,0,0,0,9
2020-11-03,0.0,0.0,5,0.0,0.0,1.0,1,5,0,5,Other,Other,0.0,0,0,0,0,0,0,1
2020-11-24,0.04,0.0,1,0.04,0.0,1.0,1,1,0,1,Other,Other,0.0,0,0,0,0,0,0,1
2020-12-15,0.0,0.0,3,0.0,0.0,1.0,1,3,0,3,Other,Other,0.0,0,0,0,0,0,0,1
2020-12-25,-0.2787,0.0,1,-0.2787,0.0,9.0,9,9,0,0,Other,Other,0.0,0,0,0,0,0,0,9
2020-12-28,0.10115,0.0,1,0.10115,0.0,1.0,1,1,0,1,Other,Other,0.0,0,0,0,0,0,0,1
2021-01-22,0.2735147266313933,0.10788577646420654,18,0.2735147266313933,0.10788577646420654,8.11111111111111,9,146,0,18,Other,Other,0.0,0,0,0,0,0,0,9
2021-02-04,-0.43445,0.0,5,-0.43445,0.0,8.0,8,40,0,5,Other,Other,0.0,0,0,0,0,0,0,8
2021-02-05,0.0,0.0,4,0.0,0.0,1.0,1,4,0,4,Other,Other,0.0,0,0,0,0,0,0,1
2021-02-12,0.26794999999999997,0.0,5,0.26794999999999997,0.0,1.0,1,5,0,5,Other,Other,0.0,0,0,0,0,0,0,1
2021-02-16,0.6750499999999999,0.0,4,0.6750499999999999,0.0,1.0,1,4,0,4,Other,Other,0.0,0,0,0,0,0,0,1
2021-03-01,0.29295,0.0,2,0.29295,0.0,1.0,1,2,0,2,Other,Other,0.0,0,0,0,0,0,0,1
2021-03-02,0.0,0.0,2,0.0,0.0,1.0,1,2,0,2,Other,Other,0.0,0,0,0,0,0,0,1
2021-03-08,0.0258,0.0,4,0.0258,0.0,8.0,8,32,0,0,Other,Other,0.0,0,0,0,0,0,0,8
2021-03-09,-0.43445,0.0,2,-0.43445,0.0,1.0,1,2,0,2,Other,Other,0.0,0,0,0,0,0,0,1
2021-03-29,0.0,0.0,8,0.0,0.0,1.0,1,8,0,8,Other,Other,0.0,0,0,0,0,0,0,1
2021-03-30,0.0,0.0,4,0.0,0.0,1.0,1,4,0,4,Other,Other,0.0,0,0,0,0,0,0,1
2021-03-31,0.0,0.0,2,0.0,0.0,1.0,1,2,0,2,Other,Other,0.0,0,0,0,0,0,0,1
2021-04-12,0.0,0.0,4,0.0,0.0,7.0,7,28,0,4,Other,Other,0.0,0,0,0,0,0,0,7
2021-04-18,0.48915,0.0,2,0.48915,0.0,1.0,1,2,0,2,Other,Other,0.0,0,0,0,0,0,0,1
2021-04-26,-0.2787,0.0,1,-0.2787,0.0,1.0,1,1,0,1,Other,Other,0.0,0,0,0,0,0,0,1
2021-04-29,0.07655,0.0,2,0.07655,0.0,9.0,9,18,0,2,Other,Other,0.0,0,0,0,0,0,0,9
2021-04-30,0.3605666666666667,0.0,4,0.3605666666666667,0.0,9.0,9,36,0,4,Other,Other,0.0,0,0,0,0,0,0,9
2021-05-06,0.26335,0.0,4,0.26335,0.0,7.0,7,28,0,4,Other,Other,0.0,0,0,0,0,0,0,7
2021-06-07,0.4774227272727273,0.0,2,0.4774227272727273,0.0,1.0,1,2,0,2,Other,Other,0.0,0,0,0,0,0,0,1
2021-06-10,0.35015,0.0,2,0.35015,0.0,9.0,9,18,0,2,Other,Other,0.0,0,0,0,0,0,0,9
2021-07-01,-0.26335,0.0,2,-0.26335,0.0,7.0,7,14,0,0,Other,Other,0.0,0,0,0,0,0,0,7
2021-07-09,0.148,0.0,8,0.148,0.0,8.0,8,64,0,8,Other,Other,0.0,0,0,0,0,0,0,8
2021-07-10,0.0,0.0,4,0.0,0.0,7.0,7,28,0,4,Other,Other,0.0,0,0,0,0,0,0,7
2021-07-23,0.09337333333333334,0.16027685853220477,15,0.09337333333333334,0.16027685853220477,9.0,9,135,0,15,Other,Other,0.0,0,0,0,0,0,0,9
2021-07-26,0.06666666666666667,0.0,2,0.06666666666666667,0.0,1.0,1,2,0,2,Other,Other,0.0,0,0,0,0,0,0,1
2021-07-27,0.0,0.0,2,0.0,0.0,1.0,1,2,0,2,Other,Other,0.0,0,0,0,0,0,0,1
2021-07-28,0.27092666666666665,0.18337786570817985,55,0.4063899999999999,0.27506679856226973,7.909090909090909,11,435,38,17,Other,Other,0.6909090909090909,0,0,0,0,0,0,391
2021-07-29,0.3427546296296296,0.11918068362673724,90,0.6132630555555555,0.3295855532959559,11.88888888888889,21,1070,78,32,approval_process|Other,Other,0.8666666666666667,0,0,0,1,0,0,821
2021-07-30,0.2931214285714286,0.08987034617090957,14,0.43968214285714285,0.13480551925636433,11.0,11,154,14,14,Other,Other,1.0,0,0,0,0,0,0,151
2021-08-02,0.11434090909090909,0.19583140940383106,11,0.22868181818181818,0.3916628188076621,11.0,11,121,8,0,Other|approval_process,Other,0.7272727272727273,0,0,0,1,0,0,111
2021-08-03,0.23835000000000003,0.0,11,0.71505,0.0,21.0,21,231,11,0,approval_process,Other,1.0,0,0,0,1,0,0,151
2021-08-04,0.0,0.0,8,0.0,0.0,21.0,21,168,8,0,approval_process,Other,1.0,0,0,0,1,0,0,121
2021-08-06,0.3753,0.0,3,0.5629500000000001,0.0,11.0,11,33,3,0,Other,Other,1.0,0,0,0,0,0,0,41
2021-08-10,-0.2787,0.0,2,-0.2787,0.0,9.0,9,18,0,0,Other,Other,0.0,0,0,0,0,0,0,9
2021-08-11,0.0,0.0,4,0.0,0.0,8.0,8,32,0,4,Other,Other,0.0,0,0,0,0,0,0,8
2021-08-19,0.5995833333333334,0.0,7,0.899375,0.0,11.0,11,77,7,0,Other,Other,1.0,0,0,0,0,0,0,81
2021-08-26,0.49695,0.0,8,0.49695,0.0,8.0,8,64,0,0,Other,Other,0.0,0,0,0,0,0,0,8
2021-09-12,0.0,0.0,2,0.0,0.0,1.0,1,2,0,2,Other,Other,0.0,0,0,0,0,0,0,1
2021-09-16,0.0129,0.014895636945092345,4,0.0129,0.014895636945092345,4.5,8,18,0,4,Other,Other,0.0,0,0,0,0,0,0,8
2021-09-17,0.05666666666666667,0.0877876225140348,6,0.05666666666666667,0.0877876225140348,8.0,8,48,0,6,Other,Other,0.0,0,0,0,0,0,0,8
2021-09-24,-0.014204545454545456,0.0,2,-0.014204545454545456,0.0,1.0,1,2,0,2,Other,Other,0.0,0,0,0,0,0,0,1
2021-09-25,0.0,0.0,3,0.0,0.0,1.0,1,3,0,3,Other,Other,0.0,0,0,0,0,0,0,1
2021-09-29,-0.20766,0.17872527148298492,10,-0.20766,0.17872527148298492,3.4,7,34,0,10,Other,Other,0.0,0,0,0,0,0,0,7
2021-10-04,0.1531,0.15990773476090406,12,0.1531,0.15990773476090406,7.0,7,84,0,6,Other,Other,0.0,0,0,0,0,0,0,7
2021-10-05,0.2575,0.0,3,0.2575,0.0,1.0,1,3,0,3,Other,Other,0.0,0,0,0,0,0,0,1
2021-10-06,-0.38585,0.0,4,-0.38585,0.0,1.0,1,4,0,4,Other,Other,0.0,0,0,0,0,0,0,1
2021-10-20,0.17337941176470584,0.13199007545411265,17,0.2600691176470588,0.19798511318116896,8.647058823529411,11,147,13,4,Other,Other,0.7647058823529411,0,0,0,0,0,0,141
2021-10-25,-0.025,0.0,22,-0.025,0.0,9.0,9,198,0,22,Other,Other,0.0,0,0,0,0,0,0,9
2021-11-05,0.0,0.0,1,0.0,0.0,11.0,11,11,1,0,Other,Other,1.0,0,0,0,0,0,0,21
2021-11-10,0.57005,0.0,2,0.57005,0.0,1.0,1,2,0,2,Other,Other,0.0,0,0,0,0,0,0,1
2021-11-16,0.0,0.0,17,0.0,0.0,11.0,11,187,17,17,Other,Other,1.0,0,0,0,0,0,0,181
2021-11-17,0.0,0.0,3,0.0,0.0,11.0,11,33,3,3,Other,Other,1.0,0,0,0,0,0,0,41
2021-11-19,0.0,0.0,3,0.0,0.0,11.0,11,33,3,3,Other,Other,1.0,0,0,0,0,0,0,41
2021-11-23,0.0,0.0,5,0.0,0.0,11.0,11,55,5,0,Other,Other,1.0,0,0,0,0,0,0,61
2021-11-27,0.04545454545454545,0.0,2,0.04545454545454545,0.0,1.0,1,2,0,2,Other,Other,0.0,0,0,0,0,0,0,1
2021-11-29,0.03562727272727272,0.04113883099916624,4,0.03562727272727272,0.04113883099916624,1.0,1,4,0,4,Other,Other,0.0,0,0,0,0,0,0,1
2021-12-07,0.019653679653679656,0.012063165673365319,12,0.019653679653679656,0.012063165673365319,1.0,1,12,0,12,Other,Other,0.0,0,0,0,0,0,0,1
2021-12-08,0.0,0.0,14,0.0,0.0,1.0,1,14,0,14,Other,Other,0.0,0,0,0,0,0,0,1
2021-12-09,0.04,0.033123146848433004,8,0.04,0.033123146848433004,4.75,7,38,0,8,Other,Other,0.0,0,0,0,0,0,0,7
2021-12-23,0.23835,0.0,2,0.23835,0.0,1.0,1,2,0,2,Other,Other,0.0,0,0,0,0,0,0,1
2022-01-04,0.0,0.0,2,0.0,0.0,7.0,7,14,0,2,Other,Other,0.0,0,0,0,0,0,0,7
2022-01-08,0.30994090909090904,0.0,10,0.30994090909090904,0.0,1.0,1,10,0,10,Other,Other,0.0,0,0,0,0,0,0,1
2022-01-14,0.064,0.0,2,0.064,0.0,1.0,1,2,0,2,Other,Other,0.0,0,0,0,0,0,0,1
2022-01-20,-0.40191666666666664,0.0,1,-0.6028749999999999,0.0,11.0,11,11,1,0,Other,Other,1.0,0,0,0,0,0,0,21
2022-01-21,0.35015,0.0,1,0.35015,0.0,9.0,9,9,0,1,Other,Other,0.0,0,0,0,0,0,0,9
2022-02-06,0.0,0.0,3,0.0,0.0,8.0,8,24,0,3,Other,Other,0.0,0,0,0,0,0,0,8
2022-02-27,0.17,0.0,1,0.17,0.0,1.0,1,1,0,1,Other,Other,0.0,0,0,0,0,0,0,1
2022-02-28,0.05291538461538462,0.07423145779871952,13,0.05291538461538462,0.07423145779871952,1.0,1,13,0,13,Other,Other,0.0,0,0,0,0,0,0,1
2022-03-01,0.039629629629629626,0.12838412895642995,9,0.039629629629629626,0.12838412895642995,1.7777777777777777,8,16,0,9,Other,Other,0.0,0,0,0,0,0,0,8
2022-03-04,0.42984999999999995,0.0,1,0.42984999999999995,0.0,1.0,1,1,0,1,Other,Other,0.0,0,0,0,0,0,0,1
2022-03-18,0.0,0.0,5,0.0,0.0,1.0,1,5,0,5,Other,Other,0.0,0,0,0,0,0,0,1
2022-03-31,0.3954,0.0,1,0.3954,0.0,1.0,1,1,0,1,Other,Other,0.0,0,0,0,0,0,0,1
2022-04-12,0.35756666666666664,0.0,1,0.35756666666666664,0.0,9.0,9,9,0,0,Other,Other,0.0,0,0,0,0,0,0,9
2022-04-13,0.0,0.0,1,0.0,0.0,1.0,1,1,0,1,Other,Other,0.0,0,0,0,0,0,0,1
2022-04-14,0.001623376623376622,0.0,1,0.002759740259740257,0.0,9.0,9,9,0,0,regulatory_issues,Other,0.0,0,0,0,0,0,1,21
2022-04-29,0.0,0.0,1,0.0,0.0,9.0,9,9,0,1,Other,Other,0.0,0,0,0,0,0,0,9
2022-05-04,0.0,0.0,2,0.0,0.0,1.0,1,2,0,2,Other,Other,0.0,0,0,0,0,0,0,1
2022-05-19,0.07555714285714286,0.0,1,0.07555714285714286,0.0,7.0,7,7,0,0,Other,Other,0.0,0,0,0,0,0,0,7
2022-06-21,-0.20495887445887445,0.22948509486844754,7,-0.20495887445887445,0.22948509486844754,1.0,1,7,0,7,Other,Other,0.0,0,0,0,0,0,0,1
2022-06-22,0.0,0.0,4,0.0,0.0,1.0,1,4,0,4,Other,Other,0.0,0,0,0,0,0,0,1
2022-06-23,-0.30469545454545455,0.0,2,-0.30469545454545455,0.0,1.0,1,2,0,2,Other,Other,0.0,0,0,0,0,0,0,1
2022-06-29,-0.09324999999999999,0.294621842367466,3,-0.09324999999999999,0.294621842367466,1.0,1,3,0,3,Other,Other,0.0,0,0,0,0,0,0,1
2022-07-05,0.0303030303030303,0.026243194054073896,3,0.0303030303030303,0.026243194054073896,2.6666666666666665,6,8,0,3,Other,Other,0.0,0,0,0,0,0,0,6
2022-07-06,0.017045454545454544,0.024105912994995937,2,0.017045454545454544,0.024105912994995937,7.0,8,14,0,2,Other,Other,0.0,0,0,0,0,0,0,8
2022-07-07,-0.12894772727272724,0.2466420593996004,2,-0.23512022727272722,0.3967926488506578,5.0,9,10,0,1,regulatory_issues|Other,Other,0.0,0,0,0,0,0,1,21
2022-07-18,-0.1909,0.0,1,-0.1909,0.0,1.0,1,1,0,1,Other,Other,0.0,0,0,0,0,0,0,1
2022-07-22,0.1275083333333333,0.18032401431558936,2,0.1275083333333333,0.18032401431558936,5.0,9,10,0,1,Other,Other,0.0,0,0,0,0,0,0,9
2022-08-04,-0.24695,0.0,2,-0.24695,0.0,8.0,8,16,0,2,Other,Other,0.0,0,0,0,0,0,0,8
2022-08-05,0.06666666666666667,0.0,1,0.06666666666666667,0.0,8.0,8,8,0,1,Other,Other,0.0,0,0,0,0,0,0,8
2022-08-24,0.06666666666666667,0.0,1,0.06666666666666667,0.0,1.0,1,1,0,1,Other,Other,0.0,0,0,0,0,0,0,1
2022-08-25,0.0,0.0,3,0.0,0.0,1.0,1,3,0,3,Other,Other,0.0,0,0,0,0,0,0,1
2022-08-26,0.2553,0.0,1,0.2553,0.0,1.0,1,1,0,1,Other,Other,0.0,0,0,0,0,0,0,1
2022-09-01,0.0,0.0,2,0.0,0.0,1.0,1,2,0,2,Other,Other,0.0,0,0,0,0,0,0,1
2022-09-02,-0.36755,0.0,1,-0.36755,0.0,1.0,1,1,0,1,Other,Other,0.0,0,0,0,0,0,0,1
2022-09-06,0.0,0.0,3,0.0,0.0,1.0,1,3,0,3,Other,Other,0.0,0,0,0,0,0,0,1
2022-09-07,0.0,0.0,1,0.0,0.0,1.0,1,1,0,1,Other,Other,0.0,0,0,0,0,0,0,1
2022-09-08,0.0,0.0,1,0.0,0.0,1.0,1,1,0,1,Other,Other,0.0,0,0,0,0,0,0,1
2022-09-26,-0.148,0.0,2,-0.148,0.0,8.0,8,16,0,0,Other,Other,0.0,0,0,0,0,0,0,8
2022-10-17,0.17697222222222223,0.2337617747083873,3,0.17697222222222223,0.2337617747083873,3.3333333333333335,8,10,0,3,Other,Other,0.0,0,0,0,0,0,0,8
2022-10-18,0.021590909090909088,0.0,1,0.021590909090909088,0.0,8.0,8,8,0,0,Other,Other,0.0,0,0,0,0,0,0,8
2022-10-24,0.0,0.0,1,0.0,0.0,1.0,1,1,0,1,Other,Other,0.0,0,0,0,0,0,0,1
2022-10-25,-0.42775,0.0,1,-0.42775,0.0,1.0,1,1,0,1,Other,Other,0.0,0,0,0,0,0,0,1
2022-11-03,0.27436499999999997,0.09640203447023303,10,0.4115474999999999,0.14460305170534954,10.0,11,100,9,1,Other,Other,0.9,0,0,0,0,0,0,101
2022-11-14,-0.36755,0.0,7,-0.36755,0.0,9.0,9,63,0,7,Other,Other,0.0,0,0,0,0,0,0,9
2022-11-16,0.34536666666666666,0.0,2,0.34536666666666666,0.0,7.0,7,14,0,2,Other,Other,0.0,0,0,0,0,0,0,7
2022-11-29,0.0,0.0,8,0.0,0.0,5.5,7,44,0,8,Other,Other,0.0,0,0,0,0,0,0,7
2022-11-30,0.0,0.0,6,0.0,0.0,4.0,7,24,0,6,Other,Other,0.0,0,0,0,0,0,0,7
2022-12-01,-0.08,0.0,2,-0.08,0.0,7.0,7,14,0,0,Other,Other,0.0,0,0,0,0,0,0,7
2022-12-02,0.0,0.0,1,0.0,0.0,1.0,1,1,0,1,Other,Other,0.0,0,0,0,0,0,0,1
2022-12-12,0.0,0.0,1,0.0,0.0,7.0,7,7,0,1,Other,Other,0.0,0,0,0,0,0,0,7
2022-12-15,0.0,0.0,4,0.0,0.0,4.5,8,18,0,4,Other,Other,0.0,0,0,0,0,0,0,8
2023-01-12,-0.3753,0.0,2,-0.3753,0.0,1.0,1,2,0,2,Other,Other,0.0,0,0,0,0,0,0,1
2023-01-23,0.38915,0.0,1,0.38915,0.0,1.0,1,1,0,1,Other,Other,0.0,0,0,0,0,0,0,1
2023-02-01,0.02,0.0282842712474619,2,0.02,0.0282842712474619,4.0,7,8,0,2,Other,Other,0.0,0,0,0,0,0,0,7
2023-02-10,0.0,0.0,2,0.0,0.0,4.0,7,8,0,2,Other,Other,0.0,0,0,0,0,0,0,7
2023-02-14,-0.0075000000000000015,0.012076147288491199,10,-0.0075000000000000015,0.012076147288491199,6.6,9,66,0,10,Other,Other,0.0,0,0,0,0,0,0,9
2023-02-22,0.0,0.0,2,0.0,0.0,1.0,1,2,0,2,Other,Other,0.0,0,0,0,0,0,0,1
2023-02-28,0.4910916666666666,0.027183575174344853,4,0.4910916666666666,0.027183575174344853,5.0,9,20,0,2,Other,Other,0.0,0,0,0,0,0,0,9
2023-03-08,0.0,0.0,2,0.0,0.0,1.0,1,2,0,2,Other,Other,0.0,0,0,0,0,0,0,1
2023-03-23,0.0,0.0,1,0.0,0.0,1.0,1,1,0,1,Other,Other,0.0,0,0,0,0,0,0,1
2023-03-29,0.584525,0.003358757210636084,2,0.584525,0.003358757210636084,1.0,1,2,0,2,Other,Other,0.0,0,0,0,0,0,0,1
2023-04-24,0.0,0.0,1,0.0,0.0,1.0,1,1,0,1,Other,Other,0.0,0,0,0,0,0,0,1
2023-04-25,0.08038492063492064,0.1392307667020744,3,0.08038492063492064,0.1392307667020744,1.0,1,3,0,3,Other,Other,0.0,0,0,0,0,0,0,1
2023-04-27,0.32985,0.0,1,0.32985,0.0,1.0,1,1,0,1,Other,Other,0.0,0,0,0,0,0,0,1
2023-04-28,-0.19449772727272727,0.224586630395359,4,-0.19449772727272727,0.224586630395359,1.0,1,4,0,4,Other,Other,0.0,0,0,0,0,0,0,1
2023-04-29,0.0,0.0,1,0.0,0.0,1.0,1,1,0,1,Other,Other,0.0,0,0,0,0,0,0,1
2023-05-23,0.14807361111111111,0.27417905082514177,8,0.14807361111111111,0.27417905082514177,9.0,9,72,0,8,Other,Other,0.0,0,0,0,0,0,0,9
2023-05-24,0.22286666666666669,0.17321289982754365,6,0.22286666666666669,0.17321289982754365,6.333333333333333,9,38,0,6,Other,Other,0.0,0,0,0,0,0,0,9
2023-06-08,0.0,0.0,3,0.0,0.0,1.0,1,3,0,3,Other,Other,0.0,0,0,0,0,0,0,1
2023-06-09,0.0,0.0,3,0.0,0.0,1.0,1,3,0,3,Other,Other,0.0,0,0,0,0,0,0,1
2023-07-03,0.6251357142857142,0.0,2,0.6251357142857142,0.0,1.0,1,2,0,2,Other,Other,0.0,0,0,0,0,0,0,1
2023-07-04,0.10994999999999999,0.19043898629219805,3,0.10994999999999999,0.19043898629219805,3.6666666666666665,9,11,0,3,Other,Other,0.0,0,0,0,0,0,0,9
2023-07-05,0.10115,0.0,1,0.10115,0.0,1.0,1,1,0,1,Other,Other,0.0,0,0,0,0,0,0,1
2023-07-17,0.0258,0.0,1,0.0258,0.0,1.0,1,1,0,1,Other,Other,0.0,0,0,0,0,0,0,1
2023-07-18,0.04755,0.0,7,0.071325,0.0,11.0,11,77,7,0,Other,Other,1.0,0,0,0,0,0,0,81
2023-07-24,0.0,0.0,2,0.0,0.0,1.0,1,2,0,2,Other,Other,0.0,0,0,0,0,0,0,1
2023-08-05,0.0,0.0,1,0.0,0.0,1.0,1,1,0,1,Other,Other,0.0,0,0,0,0,0,0,1
2023-08-10,0.11089444444444445,0.16481473917449935,12,0.11089444444444445,0.16481473917449935,8.333333333333334,9,100,0,12,Other,Other,0.0,0,0,0,0,0,0,9
2023-08-11,0.008333333333333335,0.009622504486493764,4,0.008333333333333335,0.009622504486493764,4.0,7,16,0,4,Other,Other,0.0,0,0,0,0,0,0,7
2023-08-17,-0.5258666666666667,0.0,2,-0.5258666666666667,0.0,1.0,1,2,0,2,Other,Other,0.0,0,0,0,0,0,0,1
2023-09-01,0.3053,0.0,1,0.3053,0.0,1.0,1,1,0,1,Other,Other,0.0,0,0,0,0,0,0,1
2023-09-02,0.10704757575757577,0.13618764264942362,10,0.10704757575757577,0.13618764264942362,2.2,7,22,0,10,Other,Other,0.0,0,0,0,0,0,0,7
2023-09-04,0.0,0.0,2,0.0,0.0,1.0,1,2,0,2,Other,Other,0.0,0,0,0,0,0,0,1
2023-09-06,0.04645,0.11377879855227863,6,0.04645,0.11377879855227863,1.0,1,6,0,6,Other,Other,0.0,0,0,0,0,0,0,1
2023-09-07,0.0,0.0,3,0.0,0.0,1.0,1,3,0,3,Other,Other,0.0,0,0,0,0,0,0,1
2023-09-08,0.0,0.0,4,0.0,0.0,1.0,1,4,0,4,Other,Other,0.0,0,0,0,0,0,0,1
2023-09-12,0.04,0.0,1,0.04,0.0,7.0,7,7,0,0,Other,Other,0.0,0,0,0,0,0,0,7
2023-09-15,0.0,0.0,2,0.0,0.0,1.0,1,2,0,2,Other,Other,0.0,0,0,0,0,0,0,1
2023-09-18,0.258775,0.36596311460309766,2,0.258775,0.36596311460309766,1.0,1,2,0,2,Other,Other,0.0,0,0,0,0,0,0,1
2023-09-19,0.0043,0.010532805893967667,6,0.0043,0.010532805893967667,1.0,1,6,0,6,Other,Other,0.0,0,0,0,0,0,0,1
2023-09-20,0.11549886363636364,0.1495963407195525,4,0.11549886363636364,0.1495963407195525,2.75,8,11,0,4,Other,hospital_adoption|Other,0.0,0,0,0,0,0,0,8
2023-09-22,0.04545454545454545,0.0,3,0.04545454545454545,0.0,1.0,1,3,0,3,Other,Other,0.0,0,0,0,0,0,0,1
2023-09-29,0.26335,0.0,1,0.26335,0.0,5.0,5,5,0,1,Other,Other,0.0,0,0,0,0,0,0,5
2023-10-06,0.3445444444444445,0.2983842416216851,3,0.3445444444444445,0.2983842416216851,1.0,1,3,0,3,Other,Other,0.0,0,0,0,0,0,0,1
2023-10-07,0.0,0.0,2,0.0,0.0,1.0,1,2,0,2,Other,Other,0.0,0,0,0,0,0,0,1
2023-10-13,-0.10448333333333334,0.0,1,-0.10448333333333334,0.0,1.0,1,1,0,1,Other,Other,0.0,0,0,0,0,0,0,1
2023-10-18,0.11084166666666666,0.12139844921671042,2,0.11084166666666666,0.12139844921671042,8.0,15,16,0,1,Other,financial_impact|Other,0.0,0,0,0,0,0,0,15
2023-10-31,0.6925333333333333,0.0,1,0.6925333333333333,0.0,1.0,1,1,0,1,Other,Other,0.0,0,0,0,0,0,0,1
2023-11-08,0.022222222222222223,0.03849001794597505,3,0.022222222222222223,0.03849001794597505,1.0,1,3,0,3,Other,Other,0.0,0,0,0,0,0,0,1
2023-11-09,0.0,0.0,1,0.0,0.0,1.0,1,1,0,1,Other,Other,0.0,0,0,0,0,0,0,1
2023-11-10,0.34381000000000006,0.013125046938691574,15,0.34381000000000006,0.013125046938691574,7.4,9,111,0,15,Other,Other,0.0,0,0,0,0,0,0,9
2023-11-13,0.36755,0.0,1,0.36755,0.0,1.0,1,1,0,1,Other,Other,0.0,0,0,0,0,0,0,1
2023-11-15,0.5269444444444444,0.0,2,0.5269444444444444,0.0,9.0,9,18,0,2,Other,Other,0.0,0,0,0,0,0,0,9
2023-11-30,0.6253,0.0,2,0.6253,0.0,1.0,1,2,0,2,Other,Other,0.0,0,0,0,0,0,0,1
2023-12-01,0.0,0.0,2,0.0,0.0,1.0,1,2,0,2,Other,Other,0.0,0,0,0,0,0,0,1
2023-12-13,0.0,0.0,2,0.0,0.0,4.0,7,8,0,2,Other,Other,0.0,0,0,0,0,0,0,7
2023-12-15,-0.09971666666666666,0.2134361516550871,3,-0.09971666666666666,0.2134361516550871,1.0,1,3,0,3,Other,Other,0.0,0,0,0,0,0,0,1
2023-12-18,0.0,0.0,1,0.0,0.0,1.0,1,1,0,1,Other,Other,0.0,0,0,0,0,0,0,1
2023-12-19,0.0625,0.0,1,0.0625,0.0,1.0,1,1,0,1,Other,Other,0.0,0,0,0,0,0,0,1
2023-12-22,-0.0625,0.08838834764831845,2,-0.0625,0.08838834764831845,1.0,1,2,0,2,Other,Other,0.0,0,0,0,0,0,0,1
2024-01-04,0.26335,0.0,1,0.26335,0.0,1.0,1,1,0,1,Other,Other,0.0,0,0,0,0,0,0,1
2024-01-10,-0.03715,0.0,1,-0.03715,0.0,1.0,1,1,0,1,Other,Other,0.0,0,0,0,0,0,0,1
2024-02-08,0.09758666666666667,0.039995531231857874,10,0.09758666666666667,0.039995531231857874,8.2,9,82,0,10,Other,Other,0.0,0,0,0,0,0,0,9
2024-02-09,-0.2651992424242424,0.2662691396514366,6,-0.2651992424242424,0.2662691396514366,2.1666666666666665,8,13,0,6,Other,Other,0.0,0,0,0,0,0,0,8
2024-02-10,0.0,0.0,1,0.0,0.0,1.0,1,1,0,1,Other,Other,0.0,0,0,0,0,0,0,1
2024-02-20,-0.401,0.0,1,-0.401,0.0,1.0,1,1,0,1,Other,Other,0.0,0,0,0,0,0,0,1
2024-02-21,0.06807499999999998,0.21747663354108557,12,0.06807499999999998,0.21747663354108557,2.75,8,33,0,12,Other,Other,0.0,0,0,0,0,0,0,8
2024-02-23,-0.3592,0.0,1,-0.3592,0.0,7.0,7,7,0,1,Other,Other,0.0,0,0,0,0,0,0,7
2024-02-29,0.10953571428571429,0.14456492691949213,7,0.1435857142857143,0.198113933369761,3.4285714285714284,11,24,0,7,approval_process|Other,Other,0.0,0,0,0,1,0,0,31
2024-03-04,0.10401111111111111,0.15220030783051558,3,0.10401111111111111,0.15220030783051558,1.0,1,3,0,3,Other,Other,0.0,0,0,0,0,0,0,1
2024-03-14,0.05576172839506173,0.1344607472044466,27,0.05576172839506173,0.1344607472044466,2.4074074074074074,8,65,0,27,Other,Other,0.0,0,0,0,0,0,0,8
2024-03-15,0.002905000000000002,0.11156349076746488,10,0.002905000000000002,0.11156349076746488,3.0,8,30,0,10,Other,Other,0.0,0,0,0,0,0,0,8
2024-03-17,0.0,0.0,2,0.0,0.0,1.0,1,2,0,2,Other,Other,0.0,0,0,0,0,0,0,1
2024-03-18,0.17,0.0,2,0.17,0.0,1.0,1,2,0,2,Other,Other,0.0,0,0,0,0,0,0,1
2024-03-27,0.0,0.0,1,0.0,0.0,1.0,1,1,0,1,Other,Other,0.0,0,0,0,0,0,0,1
2024-04-09,0.0,0.0,3,0.0,0.0,1.0,1,3,0,3,Other,Other,0.0,0,0,0,0,0,0,1
2024-04-12,0.31074999999999997,0.0,2,0.31074999999999997,0.0,1.0,1,2,0,2,Other,Other,0.0,0,0,0,0,0,0,1
2024-04-17,0.0,0.0,3,0.0,0.0,1.0,1,3,0,3,Other,Other,0.0,0,0,0,0,0,0,1
2024-04-18,0.004166666666666667,0.006454972243679028,6,0.004166666666666667,0.006454972243679028,1.0,1,6,0,6,Other,Other,0.0,0,0,0,0,0,0,1
2024-04-19,0.3753,0.0,1,0.3753,0.0,8.0,8,8,0,1,Other,Other,0.0,0,0,0,0,0,0,8
2024-04-24,0.26335,0.0,2,0.26335,0.0,1.0,1,2,0,2,Other,Other,0.0,0,0,0,0,0,0,1
2024-05-02,-0.401,0.0,1,-0.401,0.0,1.0,1,1,0,1,Other,Other,0.0,0,0,0,0,0,0,1
2024-05-03,0.2935055555555555,0.2696824894066958,3,0.2935055555555555,0.2696824894066958,7.666666666666667,9,23,0,0,Other,Other,0.0,0,0,0,0,0,0,9
2024-05-13,0.06666666666666667,0.0,2,0.06666666666666667,0.0,1.0,1,2,0,2,Other,Other,0.0,0,0,0,0,0,0,1
2024-05-15,-0.02417777777777778,0.2943867455626407,6,-0.02417777777777778,0.2943867455626407,7.333333333333333,9,44,0,5,Other,Other,0.0,0,0,0,0,0,0,9
2024-05-16,0.3550488095238095,0.20799547992519496,28,0.3550488095238095,0.20799547992519496,8.928571428571429,9,250,0,23,Other,Other,0.0,0,0,0,0,0,0,9
2024-05-17,0.22999170274170272,0.16031263584429348,21,0.22999170274170272,0.16031263584429348,7.476190476190476,9,157,0,21,Other,Other,0.0,0,0,0,0,0,0,9
2024-05-20,0.131675,0.18621657082547727,2,0.131675,0.18621657082547727,1.0,1,2,0,2,Other,Other,0.0,0,0,0,0,0,0,1
2024-05-21,0.36755,0.0,1,0.7351,0.0,11.0,11,11,0,1,approval_process,Other,0.0,0,0,0,1,0,0,31
2024-05-24,0.022222222222222223,0.03442651863295482,6,0.022222222222222223,0.03442651863295482,3.3333333333333335,8,20,0,6,Other,Other,0.0,0,0,0,0,0,0,8
2024-05-30,0.03333333333333333,0.0,1,0.03333333333333333,0.0,5.0,5,5,0,1,Other,Other,0.0,0,0,0,0,0,0,5
2024-05-31,0.16666666666666666,0.0,1,0.16666666666666666,0.0,9.0,9,9,0,0,Other,Other,0.0,0,0,0,0,0,0,9
2024-06-04,0.31035,0.0,1,0.31035,0.0,1.0,1,1,0,1,Other,Other,0.0,0,0,0,0,0,0,1
2024-06-11,0.0,0.0,1,0.0,0.0,1.0,1,1,0,1,Other,Other,0.0,0,0,0,0,0,0,1
2024-06-13,0.0,0.0,1,0.0,0.0,1.0,1,1,0,1,Other,Other,0.0,0,0,0,0,0,0,1
2024-06-15,0.0,0.0,1,0.0,0.0,1.0,1,1,0,1,Other,Other,0.0,0,0,0,0,0,0,1
2024-06-19,0.0,0.0,1,0.0,0.0,7.0,7,7,0,0,Other,Other,0.0,0,0,0,0,0,0,7
2024-06-20,0.0,0.0,1,0.0,0.0,1.0,1,1,0,1,Other,Other,0.0,0,0,0,0,0,0,1
2024-06-24,-0.008048863636363639,0.34655372832860604,16,-0.008048863636363639,0.34655372832860604,1.625,6,26,0,16,Other,Other,0.0,0,0,0,0,0,0,6
2024-06-29,0.06999999999999999,0.0,1,0.06999999999999999,0.0,7.0,7,7,0,0,Other,Other,0.0,0,0,0,0,0,0,7
2024-06-30,0.40035,0.0,2,0.40035,0.0,1.0,1,2,0,2,Other,Other,0.0,0,0,0,0,0,0,1
2024-07-03,0.3404,0.0,1,0.3404,0.0,1.0,1,1,0,1,Other,Other,0.0,0,0,0,0,0,0,1
2024-07-05,0.0,0.0,1,0.0,0.0,1.0,1,1,0,1,Other,Other,0.0,0,0,0,0,0,0,1
2024-07-08,0.0,0.0,1,0.0,0.0,1.0,1,1,0,1,Other,Other,0.0,0,0,0,0,0,0,1
2024-07-17,0.0,0.0,2,0.0,0.0,1.0,1,2,0,2,Other,Other,0.0,0,0,0,0,0,0,1
2024-07-22,-0.041666666666666664,0.0,1,-0.041666666666666664,0.0,1.0,1,1,0,1,Other,Other,0.0,0,0,0,0,0,0,1
2024-07-26,-0.14006000000000002,0.18390613910361991,5,-0.14006000000000002,0.18390613910361991,1.0,1,5,0,5,Other,Other,0.0,0,0,0,0,0,0,1
2024-07-29,0.131675,0.15204519339108793,4,0.131675,0.15204519339108793,1.0,1,4,0,4,Other,Other,0.0,0,0,0,0,0,0,1
2024-07-30,0.30880454545454544,0.0,1,0.30880454545454544,0.0,7.0,7,7,0,0,Other,Other,0.0,0,0,0,0,0,0,7
2024-07-31,-0.32985,0.0,1,-0.32985,0.0,1.0,1,1,0,1,Other,Other,0.0,0,0,0,0,0,0,1
2024-08-04,0.0,0.0,1,0.0,0.0,9.0,9,9,0,0,Other,Other,0.0,0,0,0,0,0,0,9
2024-08-05,-0.29335,0.0,1,-0.29335,0.0,1.0,1,1,0,1,Other,Other,0.0,0,0,0,0,0,0,1
2024-08-06,0.0,0.0,1,0.0,0.0,9.0,9,9,0,0,Other,Other,0.0,0,0,0,0,0,0,9
2024-08-07,0.0,0.0,6,0.0,0.0,9.0,9,54,0,6,Other,Other,0.0,0,0,0,0,0,0,9
2024-08-08,0.35328200000000004,0.08143721450022437,25,0.35328200000000004,0.08143721450022437,9.0,9,225,0,22,Other,Other,0.0,0,0,0,0,0,0,9
2024-08-09,0.17455026737967916,0.1713546067405699,17,0.17455026737967916,0.1713546067405699,7.470588235294118,9,127,0,17,Other,Other,0.0,0,0,0,0,0,0,9
2024-08-14,0.0,0.0,1,0.0,0.0,8.0,8,8,0,0,Other,Other,0.0,0,0,0,0,0,0,8
2024-08-17,0.24408333333333332,0.0,1,0.24408333333333332,0.0,1.0,1,1,0,1,Other,Other,0.0,0,0,0,0,0,0,1
2024-08-18,0.1909,0.0,1,0.1909,0.0,7.0,7,7,0,0,Other,Other,0.0,0,0,0,0,0,0,7
2024-08-22,0.0,0.0,1,0.0,0.0,9.0,9,9,0,0,Other,Other,0.0,0,0,0,0,0,0,9
2024-08-29,0.30285,0.04830000000000001,4,0.30285,0.04830000000000001,2.75,8,11,0,4,Other,Other,0.0,0,0,0,0,0,0,8
2024-08-30,0.0,0.0,1,0.0,0.0,1.0,1,1,0,1,Other,Other,0.0,0,0,0,0,0,0,1
2024-08-31,0.0,0.0,1,0.0,0.0,1.0,1,1,0,1,Other,Other,0.0,0,0,0,0,0,0,1
2024-09-02,0.098975,0.23432344686351814,6,0.17590000000000003,0.39667468787408156,4.666666666666667,11,28,0,4,approval_process|Other,Other,0.0,0,0,0,1,0,0,31
2024-09-05,0.2826125,0.038525,4,0.2826125,0.038525,1.0,1,4,0,4,Other,Other,0.0,0,0,0,0,0,0,1
2024-09-12,0.21475,0.24953926210785615,4,0.21475,0.24953926210785615,4.0,7,16,0,2,Other,Other,0.0,0,0,0,0,0,0,7
2024-09-14,0.06666666666666667,0.0,2,0.06666666666666667,0.0,1.0,1,2,0,2,Other,Other,0.0,0,0,0,0,0,0,1
2024-09-18,0.26335,0.0,5,0.26335,0.0,1.0,1,5,0,5,Other,Other,0.0,0,0,0,0,0,0,1
2024-09-19,0.06631666666666666,0.4182065206197637,2,-0.025443333333333346,0.5479747571031189,9.5,10,19,0,0,regulatory_review|Other,Other,0.0,0,0,1,0,0,0,25
2024-09-24,-0.08809999999999998,0.0,1,-0.08809999999999998,0.0,9.0,9,9,0,0,Other,Other,0.0,0,0,0,0,0,0,9
2024-09-26,0.1713,0.2422547832345112,2,0.1713,0.2422547832345112,5.0,9,10,0,1,Other,Other,0.0,0,0,0,0,0,0,9
2024-09-27,0.07702333333333333,0.1722294091869588,5,0.07702333333333333,0.1722294091869588,2.2,7,11,0,4,Other,Other,0.0,0,0,0,0,0,0,7
2024-09-28,0.0,0.0,1,0.0,0.0,1.0,1,1,0,1,Other,Other,0.0,0,0,0,0,0,0,1
2024-09-29,0.0,0.0,1,0.0,0.0,1.0,1,1,0,1,Other,Other,0.0,0,0,0,0,0,0,1
2024-09-30,0.17046851851851852,0.11694312436573494,9,0.17046851851851852,0.11694312436573494,7.0,9,63,0,7,Other,Other,0.0,0,0,0,0,0,0,9
2024-10-03,-0.17693212121212123,0.14932293459219512,5,-0.17693212121212123,0.14932293459219512,3.6,8,18,0,3,Other,Other,0.0,0,0,0,0,0,0,8
2024-10-04,-0.26074545454545456,0.0,2,-0.26074545454545456,0.0,1.0,1,2,0,2,Other,Other,0.0,0,0,0,0,0,0,1
2024-10-17,0.0,0.0,1,0.0,0.0,1.0,1,1,0,1,Other,Other,0.0,0,0,0,0,0,0,1
2024-10-23,-0.025925925925925925,0.0,1,-0.025925925925925925,0.0,9.0,9,9,0,0,Other,Other,0.0,0,0,0,0,0,0,9
2024-10-24,0.05135,0.0,2,0.05135,0.0,1.0,1,2,0,2,Other,Other,0.0,0,0,0,0,0,0,1
2024-10-25,0.06666666666666667,0.0,1,0.06666666666666667,0.0,8.0,8,8,0,0,Other,Other,0.0,0,0,0,0,0,0,8
2024-10-27,0.3062,0.0,1,0.3062,0.0,1.0,1,1,0,1,Other,Other,0.0,0,0,0,0,0,0,1
2024-10-29,0.3181727272727273,0.0,1,0.3181727272727273,0.0,1.0,1,1,0,1,Other,Other,0.0,0,0,0,0,0,0,1
2024-10-30,0.08902039141414142,0.24086669583293438,48,0.08902039141414142,0.24086669583293438,8.5,9,408,0,47,Other,Other,0.0,0,0,0,0,0,0,9
2024-10-31,-0.0024366666666666655,0.07094866414841398,15,-0.0024366666666666655,0.07094866414841398,5.066666666666666,9,76,0,13,Other,Other,0.0,0,0,0,0,0,0,9
2024-11-01,-0.10071363636363637,0.14243059046136666,2,-0.10071363636363637,0.14243059046136666,8.0,9,16,0,1,Other,Other,0.0,0,0,0,0,0,0,9
2024-11-04,0.1,0.05590169943749474,5,0.1,0.05590169943749474,7.4,9,37,0,5,Other,Other,0.0,0,0,0,0,0,0,9
2024-11-11,0.32749285714285714,0.246648721918054,7,0.32749285714285714,0.246648721918054,1.0,1,7,0,7,Other,Other,0.0,0,0,0,0,0,0,1
2024-11-14,0.0,0.0,1,0.0,0.0,1.0,1,1,0,1,Other,Other,0.0,0,0,0,0,0,0,1
2024-11-19,0.0,0.0,1,0.0,0.0,8.0,8,8,0,0,Other,Other,0.0,0,0,0,0,0,0,8
2024-11-21,0.0,0.0,1,0.0,0.0,1.0,1,1,0,1,Other,Other,0.0,0,0,0,0,0,0,1
2024-11-22,-0.1909,0.0,2,-0.1909,0.0,1.0,1,2,0,2,Other,Other,0.0,0,0,0,0,0,0,1
2024-11-27,0.1531,0.21651609639932087,2,0.1531,0.21651609639932087,1.0,1,2,0,2,Other,Other,0.0,0,0,0,0,0,0,1
2024-11-28,0.0,0.0,1,0.0,0.0,1.0,1,1,0,1,Other,Other,0.0,0,0,0,0,0,0,1
2024-12-01,0.06666666666666667,0.0,1,0.06666666666666667,0.0,1.0,1,1,0,1,Other,Other,0.0,0,0,0,0,0,0,1
2024-12-02,0.24606538461538463,0.2077134087156061,13,0.3738576923076923,0.36135487915053466,4.076923076923077,11,53,0,13,approval_process|Other,Other,0.0,0,0,0,1,0,0,31
2024-12-04,0.36755,0.0,1,0.36755,0.0,1.0,1,1,0,1,Other,Other,0.0,0,0,0,0,0,0,1
2024-12-08,0.125,0.0,1,0.125,0.0,1.0,1,1,0,1,Other,Other,0.0,0,0,0,0,0,0,1
2024-12-09,0.3170288888888889,0.1386081687730463,5,0.3170288888888889,0.1386081687730463,1.0,1,5,0,5,Other,Other,0.0,0,0,0,0,0,0,1
2024-12-10,0.020149999999999994,0.15825252762594347,5,0.020149999999999994,0.15825252762594347,1.0,1,5,0,5,Other,Other,0.0,0,0,0,0,0,0,1
2024-12-15,0.317925,0.2290241926813264,4,0.317925,0.2290241926813264,1.0,1,4,0,4,Other,Other,0.0,0,0,0,0,0,0,1
2024-12-16,0.10745,0.18610885927327586,3,0.10745,0.18610885927327586,1.0,1,3,0,3,Other,Other,0.0,0,0,0,0,0,0,1
2024-12-22,0.0,0.0,1,0.0,0.0,7.0,7,7,0,1,Other,Other,0.0,0,0,0,0,0,0,7
2024-12-24,0.20900833333333332,0.1737640250134903,4,0.20900833333333332,0.1737640250134903,2.5,7,10,0,3,Other,Other,0.0,0,0,0,0,0,0,7
2025-01-02,0.36755,0.0,1,0.36755,0.0,1.0,1,1,0,1,Other,Other,0.0,0,0,0,0,0,0,1
2025-01-03,0.1201888888888889,0.10408663103040304,3,0.1201888888888889,0.10408663103040304,1.0,1,3,0,3,Other,Other,0.0,0,0,0,0,0,0,1
2025-01-07,0.2900640909090909,0.13659445909641477,30,0.3899390909090909,0.28820200951683383,4.8,15,144,0,30,approval_process|Other,Other,0.0,0,0,0,1,0,0,35
2025-01-08,0.1514,0.34485694860333027,6,0.1514,0.34485694860333027,2.0,7,12,0,5,Other,Other,0.0,0,0,0,0,0,0,7
2025-01-10,0.4563,0.0,1,0.4563,0.0,1.0,1,1,0,1,Other,Other,0.0,0,0,0,0,0,0,1
2025-01-12,0.29685416666666664,0.20994789096653554,4,0.29685416666666664,0.20994789096653554,1.0,1,4,0,4,Other,Other,0.0,0,0,0,0,0,0,1
2025-01-13,0.21215462519936204,0.17223658703420394,19,0.21215462519936204,0.17223658703420394,1.4210526315789473,9,27,0,18,Other,Other,0.0,0,0,0,0,0,0,9
2025-01-14,0.21713269230769228,0.10074882458435036,26,0.21713269230769228,0.10074882458435036,2.3846153846153846,5,62,0,25,Other,Other,0.0,0,0,0,0,0,0,5
2025-01-15,0.0625,0.0,1,0.0625,0.0,1.0,1,1,0,1,Other,Other,0.0,0,0,0,0,0,0,1
2025-01-16,0.04232777777777777,0.17891946950979065,8,0.04232777777777777,0.17891946950979065,4.0,7,32,0,8,Other,Other,0.0,0,0,0,0,0,0,7
2025-01-17,0.0,0.0,3,0.0,0.0,1.0,1,3,0,3,Other,Other,0.0,0,0,0,0,0,0,1
2025-01-19,0.0,0.0,3,0.0,0.0,1.0,1,3,0,3,Other,Other,0.0,0,0,0,0,0,0,1
2025-01-20,-0.010845833333333329,0.16808381217912288,8,-0.010845833333333329,0.16808381217912288,1.75,7,14,0,7,Other,Other,0.0,0,0,0,0,0,0,7
2025-01-21,0.0,0.0,3,0.0,0.0,1.0,1,3,0,3,Other,Other,0.0,0,0,0,0,0,0,1
2025-01-22,0.49934999999999996,0.0,2,0.49934999999999996,0.0,1.0,1,2,0,2,Other,Other,0.0,0,0,0,0,0,0,1
2025-01-23,0.146475,0.1604553232211384,6,0.146475,0.1604553232211384,5.0,9,30,0,3,Other,Other,0.0,0,0,0,0,0,0,9
2025-01-27,0.215625,0.30493979938669863,2,0.215625,0.30493979938669863,1.0,1,2,0,2,Other,Other,0.0,0,0,0,0,0,0,1
2025-01-28,0.32985,0.0,1,0.32985,0.0,1.0,1,1,0,1,Other,Other,0.0,0,0,0,0,0,0,1
2025-01-29,0.36755,0.0,1,0.36755,0.0,9.0,9,9,0,0,Other,Other,0.0,0,0,0,0,0,0,9
2025-01-30,0.20046461794019935,0.16461596356086086,43,0.20046461794019935,0.16461596356086086,8.069767441860465,9,347,0,39,Other,Other,0.0,0,0,0,0,0,0,9
2025-01-31,0.13997740073546525,0.24980212191578705,31,0.13997740073546525,0.24980212191578705,6.483870967741935,9,201,0,28,Other,Other,0.0,0,0,0,0,0,0,9
2025-02-01,0.24100833333333335,0.43602454579649186,4,0.24100833333333335,0.43602454579649186,5.0,9,20,0,4,Other,Other,0.0,0,0,0,0,0,0,9
2025-02-03,0.0,0.0,1,0.0,0.0,1.0,1,1,0,1,Other,Other,0.0,0,0,0,0,0,0,1
2025-02-05,-0.10944166666666666,0.5779537276028246,2,-0.10944166666666666,0.5779537276028246,8.0,9,16,0,1,Other,Other,0.0,0,0,0,0,0,0,9
2025-02-10,0.7095333333333333,0.0,1,0.7095333333333333,0.0,9.0,9,9,0,1,Other,Other,0.0,0,0,0,0,0,0,9
2025-02-11,0.118712987012987,0.34849617182767756,4,0.1366343831168831,0.3584418423206162,5.5,13,22,0,3,post_approval|Other,Other,0.0,0,0,0,0,1,0,13
2025-02-13,0.2278439393939394,0.10972017002067755,3,0.2278439393939394,0.10972017002067755,1.0,1,3,0,3,Other,Other,0.0,0,0,0,0,0,0,1
2025-02-15,0.0,0.0,2,0.0,0.0,1.0,1,2,0,2,Other,Other,0.0,0,0,0,0,0,0,1
2025-02-18,0.0,0.0,1,0.0,0.0,1.0,1,1,0,1,Other,Other,0.0,0,0,0,0,0,0,1
2025-02-20,0.35644166666666666,0.11118333333333333,4,0.5820791666666667,0.03924166666666668,8.5,11,34,0,1,approval_process|Other,Other,0.0,0,0,0,1,0,0,31
2025-02-21,0.0,0.0,1,0.0,0.0,1.0,1,1,0,1,Other,Other,0.0,0,0,0,0,0,0,1
2025-02-24,0.1702,0.24069914831590075,2,0.1702,0.24069914831590075,1.0,1,2,0,2,Other,Other,0.0,0,0,0,0,0,0,1
2025-02-25,0.2394059343434343,0.1314918184866772,12,0.2394059343434343,0.1314918184866772,2.0,7,24,0,11,Other,Other,0.0,0,0,0,0,0,0,7
2025-02-26,0.4137,0.0,1,0.4137,0.0,9.0,9,9,0,1,Other,Other,0.0,0,0,0,0,0,0,9
2025-02-27,0.0386,0.0,1,0.0386,0.0,1.0,1,1,0,1,Other,Other,0.0,0,0,0,0,0,0,1
2025-02-28,0.06666666666666667,0.0,1,0.06666666666666667,0.0,1.0,1,1,0,1,Other,Other,0.0,0,0,0,0,0,0,1
2025-03-02,0.04545454545454545,0.0,1,0.04545454545454545,0.0,1.0,1,1,0,1,Other,Other,0.0,0,0,0,0,0,0,1
2025-03-03,0.2040909090909091,0.0,2,0.2040909090909091,0.0,8.0,8,16,0,0,Other,Other,0.0,0,0,0,0,0,0,8
2025-03-04,0.32491969696969697,0.06752373830113215,3,0.32491969696969697,0.06752373830113215,6.333333333333333,9,19,0,3,Other,Other,0.0,0,0,0,0,0,0,9
2025-03-05,0.17415555555555554,0.1705204596310301,9,0.17415555555555554,0.1705204596310301,1.0,1,9,0,9,Other,Other,0.0,0,0,0,0,0,0,1
2025-03-06,0.17143076923076925,0.20273039931813952,13,0.1695076923076923,0.20485642110812827,4.230769230769231,11,55,0,12,approval_process|Other,Other,0.0,0,0,0,1,0,0,31
2025-03-07,0.3141207575757576,0.1636737366008281,10,0.3141207575757576,0.1636737366008281,3.1,8,31,0,10,Other,Other,0.0,0,0,0,0,0,0,8
2025-03-10,0.27783027210884353,0.048342467971635425,7,0.27783027210884353,0.048342467971635425,1.0,1,7,0,7,Other,Other,0.0,0,0,0,0,0,0,1
2025-03-11,0.24695,0.0,2,0.24695,0.0,7.0,7,14,0,2,Other,Other,0.0,0,0,0,0,0,0,7
2025-03-17,0.20095,0.0,2,0.20095,0.0,1.0,1,2,0,2,Other,Other,0.0,0,0,0,0,0,0,1
2025-03-19,0.24695,0.0,2,0.24695,0.0,1.0,1,2,0,2,Other,Other,0.0,0,0,0,0,0,0,1
2025-03-24,0.29295,0.0,1,0.29295,0.0,1.0,1,1,0,1,Other,Other,0.0,0,0,0,0,0,0,1
2025-03-25,0.42405,0.0,1,0.42405,0.0,7.0,7,7,0,1,Other,Other,0.0,0,0,0,0,0,0,7
2025-03-28,0.28293333333333337,0.40012815724742773,2,0.28293333333333337,0.40012815724742773,8.0,9,16,0,1,Other,Other,0.0,0,0,0,0,0,0,9
2025-04-01,-0.2345595238095238,0.0,1,-0.2345595238095238,0.0,1.0,1,1,0,1,Other,Other,0.0,0,0,0,0,0,0,1
2025-04-02,-0.17556666666666665,0.15204519339108793,3,-0.17556666666666665,0.15204519339108793,1.0,1,3,0,3,Other,Other,0.0,0,0,0,0,0,0,1
2025-04-04,0.1094111111111111,0.1753499699568764,4,0.1094111111111111,0.1753499699568764,1.0,1,4,0,4,Other,Other,0.0,0,0,0,0,0,0,1
2025-04-07,0.11747,0.1642105797444245,5,0.11747,0.1642105797444245,2.2,7,11,0,5,Other,Other,0.0,0,0,0,0,0,0,7
2025-04-08,0.35015,0.0,1,0.35015,0.0,9.0,9,9,0,1,Other,Other,0.0,0,0,0,0,0,0,9
2025-04-09,-0.059175925925925923,0.3827909465383353,2,-0.059175925925925923,0.3827909465383353,1.0,1,2,0,2,Other,Other,0.0,0,0,0,0,0,0,1
2025-04-10,0.23786249999999998,0.17824272951511932,4,0.3233,0.3218747453073426,6.0,11,24,0,4,approval_process|Other,Other,0.0,0,0,0,1,0,0,31
2025-04-11,0.12337456140350876,0.26720967534464535,19,0.1447140350877193,0.31059515242808583,2.8947368421052633,11,55,0,19,approval_process|Other,Other,0.0,0,0,0,1,0,0,31
2025-04-14,0.6070166666666666,0.0,1,0.6070166666666666,0.0,1.0,1,1,0,1,Other,Other,0.0,0,0,0,0,0,0,1
2025-04-15,0.32224523809523814,0.14296518376808134,7,0.32224523809523814,0.14296518376808134,5.0,8,35,0,7,Other,Other,0.0,0,0,0,0,0,0,8
2025-04-16,0.6067444444444444,0.0,1,0.6067444444444444,0.0,9.0,9,9,0,1,Other,Other,0.0,0,0,0,0,0,0,9
2025-04-17,0.51415,0.0,1,0.51415,0.0,1.0,1,1,0,1,Other,Other,0.0,0,0,0,0,0,0,1
2025-04-23,0.1506611111111111,0.16047861999265656,12,0.1506611111111111,0.16047861999265656,3.5,9,42,0,8,Other,Other,0.0,0,0,0,0,0,0,9
2025-04-24,0.1328242424242424,0.2922004836260767,11,0.1328242424242424,0.2922004836260767,2.4545454545454546,9,27,0,9,Other,Other,0.0,0,0,0,0,0,0,9
2025-04-26,0.45781818181818185,0.0,2,0.45781818181818185,0.0,1.0,1,2,0,2,Other,Other,0.0,0,0,0,0,0,0,1
2025-04-28,0.3141445887445888,0.22837728379613295,7,0.3141445887445888,0.22837728379613295,1.8571428571428572,7,13,0,6,Other,Other,0.0,0,0,0,0,0,0,7
2025-04-30,0.19363333333333332,0.11887642042614392,3,0.19363333333333332,0.11887642042614392,3.6666666666666665,5,11,0,3,Other,Other,0.0,0,0,0,0,0,0,5
2025-05-03,-0.3753,0.0,1,-0.3753,0.0,9.0,9,9,0,1,Other,Other,0.0,0,0,0,0,0,0,9
2025-05-04,0.6150944444444445,0.0,1,0.6150944444444445,0.0,6.0,6,6,0,1,Other,competitive_impact,0.0,0,0,0,0,0,0,6
2025-05-05,0.3120291666666667,0.24906582477217634,4,0.3120291666666667,0.24906582477217634,5.5,13,22,0,3,Other,competitive_impact|Other,0.0,0,0,0,0,0,0,13
2025-05-07,0.14052380952380952,0.09479013996677416,7,0.14052380952380952,0.09479013996677416,3.2857142857142856,5,23,0,7,Other,Other,0.0,0,0,0,0,0,0,5
2025-05-08,0.3602465476190476,0.14367992680278363,40,0.3602465476190476,0.14367992680278363,8.6,9,344,0,33,Other,Other,0.0,0,0,0,0,0,0,9
2025-05-09,0.3695569841269841,0.12316315270696154,35,0.3695569841269841,0.12316315270696154,6.257142857142857,9,219,0,23,Other,Other,0.0,0,0,0,0,0,0,9
2025-05-11,0.32098662131519273,0.0393733080622025,7,0.32098662131519273,0.0393733080622025,3.0,8,21,0,7,Other,hospital_adoption|Other,0.0,0,0,0,0,0,0,8
2025-05-12,0.22419151234567902,0.1537502316852602,12,0.22419151234567902,0.1537502316852602,3.0,7,36,0,12,Other,Other,0.0,0,0,0,0,0,0,7
2025-05-13,0.24787121212121213,0.17572981377528102,11,0.24787121212121213,0.17572981377528102,6.454545454545454,9,71,0,7,Other,Other,0.0,0,0,0,0,0,0,9
2025-05-14,0.10713484848484849,0.11665437684186408,11,0.10713484848484849,0.11665437684186408,3.909090909090909,7,43,0,11,Other,Other,0.0,0,0,0,0,0,0,7
2025-05-15,0.0,0.04714045207910317,9,0.0,0.04714045207910317,2.3333333333333335,7,21,0,9,Other,Other,0.0,0,0,0,0,0,0,7
2025-05-16,0.3737333333333333,0.0,4,0.3737333333333333,0.0,1.0,1,4,0,4,Other,Other,0.0,0,0,0,0,0,0,1
2025-05-20,0.47065,0.0,1,0.47065,0.0,1.0,1,1,0,1,Other,Other,0.0,0,0,0,0,0,0,1
2025-05-21,0.3444925925925926,0.18465296957910726,9,0.3444925925925926,0.18465296957910726,2.5555555555555554,8,23,0,7,Other,Other,0.0,0,0,0,0,0,0,8
2025-05-22,0.18039999999999998,0.17090621331595876,5,0.18039999999999998,0.17090621331595876,3.8,8,19,0,5,Other,Other,0.0,0,0,0,0,0,0,8
2025-05-26,0.3340666666666667,0.186162679754384,3,0.3340666666666667,0.186162679754384,3.3333333333333335,8,10,0,3,Other,Other,0.0,0,0,0,0,0,0,8
2025-05-30,0.3068666666666667,0.0,1,0.3068666666666667,0.0,1.0,1,1,0,1,Other,Other,0.0,0,0,0,0,0,0,1
2025-06-02,0.08141333333333332,0.1476278684922178,5,0.08141333333333332,0.1476278684922178,1.0,1,5,0,5,Other,Other,0.0,0,0,0,0,0,0,1
2025-06-03,0.22913333333333333,0.21408569740487882,3,0.22913333333333333,0.21408569740487882,1.0,1,3,0,3,Other,Other,0.0,0,0,0,0,0,0,1
2025-06-06,0.01515151515151515,0.0,2,0.01515151515151515,0.0,1.0,1,2,0,2,Other,Other,0.0,0,0,0,0,0,0,1
2025-06-09,0.42775,0.0,1,0.42775,0.0,1.0,1,1,0,1,Other,Other,0.0,0,0,0,0,0,0,1
2025-06-10,0.44590833333333335,0.3359088843884769,4,0.44590833333333335,0.3359088843884769,4.5,8,18,0,4,Other,Other,0.0,0,0,0,0,0,0,8
2025-06-11,0.41675833333333334,0.15635309443336542,2,0.41675833333333334,0.15635309443336542,1.0,1,2,0,2,Other,Other,0.0,0,0,0,0,0,0,1
2025-06-12,0.1737559163059163,0.1437692230090889,7,0.1737559163059163,0.1437692230090889,1.0,1,7,0,7,Other,Other,0.0,0,0,0,0,0,0,1
2025-06-13,0.5073888888888889,0.43941166737573767,3,0.5073888888888889,0.43941166737573767,5.666666666666667,8,17,0,3,Other,Other,0.0,0,0,0,0,0,0,8
2025-06-14,0.27475,0.0,1,0.27475,0.0,8.0,8,8,0,1,Other,Other,0.0,0,0,0,0,0,0,8
2025-06-16,0.05906999999999999,0.1154610580266564,15,0.05906999999999999,0.1154610580266564,1.0,1,15,0,15,Other,Other,0.0,0,0,0,0,0,0,1
2025-06-17,0.2699874458874459,0.18409059821593832,21,0.2699874458874459,0.18409059821593832,2.142857142857143,9,45,0,21,Other,Other,0.0,0,0,0,0,0,0,9
2025-06-18,0.05909897959183674,0.2631098851695909,7,0.05909897959183674,0.2631098851695909,4.857142857142857,9,34,0,6,Other,Other,0.0,0,0,0,0,0,0,9
2025-06-19,0.19779902597402596,0.2407078998859805,22,0.19779902597402596,0.2407078998859805,6.2727272727272725,9,138,0,22,Other,Other,0.0,0,0,0,0,0,0,9
2025-06-20,0.05654444444444443,0.28184115156201855,12,0.05654444444444443,0.28184115156201855,2.6666666666666665,9,32,0,12,Other,Other,0.0,0,0,0,0,0,0,9
2025-06-21,0.17556666666666665,0.15204519339108793,3,0.17556666666666665,0.15204519339108793,1.0,1,3,0,3,Other,Other,0.0,0,0,0,0,0,0,1
2025-06-22,0.11666666666666665,0.0,4,0.11666666666666665,0.0,9.0,9,36,0,4,Other,Other,0.0,0,0,0,0,0,0,9
2025-06-23,-0.074,0.10465180361560902,2,-0.074,0.10465180361560902,4.0,7,8,0,2,Other,Other,0.0,0,0,0,0,0,0,7
2025-06-24,-0.25178055555555556,0.19545825393670774,12,-0.25178055555555556,0.19545825393670774,3.0,7,36,0,12,Other,Other,0.0,0,0,0,0,0,0,7
2025-06-25,0.43993750000000004,0.10749166666666668,4,0.43993750000000004,0.10749166666666668,1.0,1,4,0,4,Other,Other,0.0,0,0,0,0,0,0,1
